Date,Load_power,Wind_power,Solar_power,DHI,DNI,GHI,Dew point,Solar zenith angle,Wind speed,Relative humidity,Temperature,SLP,PRCP,FRSHTT,Month_sin,Month_cos,Weekday_sin,Weekday_cos
2019-01-01,0.88,0.19,0.2,21.29,340.71,154.33,-11.51,106.3,3.69,31.87,4.72,1020.0,0.0,0.0,0.49999999999999994,0.8660254037844387,0.7818314824680298,0.6234898018587336
2019-01-02,1.0,0.03,0.19,21.4,329.44,150.9,-10.22,106.24,1.98,31.34,7.0,1024.3,0.0,0.0,0.49999999999999994,0.8660254037844387,0.9749279121818236,-0.22252093395631434
2019-01-03,1.0,0.01,0.18,20.53,337.7,153.97,-7.85,106.18,1.22,33.25,8.84,1026.0,0.0,0.0,0.49999999999999994,0.8660254037844387,0.43388373911755823,-0.900968867902419
2019-01-04,0.98,0.01,0.18,22.48,325.4,153.24,-5.09,106.11,1.49,34.72,11.02,1021.9,0.0,0.0,0.49999999999999994,0.8660254037844387,-0.433883739117558,-0.9009688679024191
2019-01-05,0.94,0.04,0.03,37.7,2.42,38.74,4.38,106.04,2.22,68.53,10.66,1016.7,0.0,0.0,0.49999999999999994,0.8660254037844387,-0.9749279121818236,-0.2225209339563146
2019-01-06,0.85,0.03,0.14,38.34,224.11,121.65,6.14,105.96,1.88,79.16,10.11,1016.2,0.05,1.0,0.49999999999999994,0.8660254037844387,-0.7818314824680299,0.6234898018587334
2019-01-07,1.03,0.01,0.11,37.4,143.89,104.82,7.56,105.87,1.27,81.88,10.71,1021.8,0.0,0.0,0.49999999999999994,0.8660254037844387,0.0,1.0
2019-01-08,1.01,0.02,0.15,41.13,206.31,127.32,6.03,105.79,1.88,66.07,12.96,1024.6,0.0,0.0,0.49999999999999994,0.8660254037844387,0.7818314824680298,0.6234898018587336
2019-01-09,1.0,0.01,0.17,26.98,301.14,147.53,7.84,105.69,1.09,72.17,13.54,1021.7,0.0,0.0,0.49999999999999994,0.8660254037844387,0.9749279121818236,-0.22252093395631434
2019-01-10,0.99,0.01,0.18,25.08,306.06,152.0,8.14,105.59,1.01,74.34,13.49,1020.1,0.0,0.0,0.49999999999999994,0.8660254037844387,0.43388373911755823,-0.900968867902419
2019-01-11,0.97,0.01,0.11,58.02,111.09,105.26,5.92,105.49,1.45,66.77,12.44,1020.2,0.0,0.0,0.49999999999999994,0.8660254037844387,-0.433883739117558,-0.9009688679024191
2019-01-12,0.86,0.01,0.06,52.29,31.66,63.0,5.15,105.38,1.35,72.46,10.29,1017.7,0.11,1.0,0.49999999999999994,0.8660254037844387,-0.9749279121818236,-0.2225209339563146
2019-01-13,0.8,0.01,0.14,48.05,172.26,122.98,4.1,105.27,1.39,69.27,9.99,1019.8,0.0,0.0,0.49999999999999994,0.8660254037844387,-0.7818314824680299,0.6234898018587334
2019-01-14,0.93,0.05,0.02,23.78,0.87,24.18,6.26,105.15,2.34,79.65,9.73,1019.8,0.2,1.0,0.49999999999999994,0.8660254037844387,0.0,1.0
2019-01-15,0.94,0.07,0.06,50.47,29.05,62.22,7.7,105.03,2.42,81.19,10.98,1017.1,0.2,1.0,0.49999999999999994,0.8660254037844387,0.7818314824680298,0.6234898018587336
2019-01-16,0.96,0.07,0.05,42.52,34.24,55.92,11.73,104.9,2.76,87.57,13.85,1019.7,0.0,0.0,0.49999999999999994,0.8660254037844387,0.9749279121818236,-0.22252093395631434
2019-01-17,0.95,0.12,0.02,27.48,4.22,28.3,12.33,104.76,3.1,90.99,13.79,1020.4,0.01,1.0,0.49999999999999994,0.8660254037844387,0.43388373911755823,-0.900968867902419
2019-01-18,0.92,0.0,0.09,63.26,73.18,89.88,7.61,104.63,1.05,72.65,13.02,1021.3,0.0,0.0,0.49999999999999994,0.8660254037844387,-0.433883739117558,-0.9009688679024191
2019-01-19,0.82,0.01,0.18,24.99,320.78,162.34,4.94,104.48,1.57,55.36,14.92,1027.6,0.0,0.0,0.49999999999999994,0.8660254037844387,-0.9749279121818236,-0.2225209339563146
2019-01-20,0.78,0.01,0.13,56.76,148.11,123.06,8.49,104.34,1.56,65.58,15.8,1022.0,0.0,0.0,0.49999999999999994,0.8660254037844387,-0.7818314824680299,0.6234898018587334
2019-01-21,0.9,0.14,0.2,22.34,348.82,169.61,2.89,104.19,3.38,66.86,9.55,1013.4,0.0,1.0,0.49999999999999994,0.8660254037844387,0.0,1.0
2019-01-22,0.92,0.18,0.19,31.08,289.65,162.09,-6.13,104.03,3.67,38.73,8.52,1022.7,0.0,0.0,0.49999999999999994,0.8660254037844387,0.7818314824680298,0.6234898018587336
2019-01-23,0.92,0.01,0.19,23.03,343.4,170.38,-2.79,103.87,1.35,40.47,11.6,1029.0,0.0,0.0,0.49999999999999994,0.8660254037844387,0.9749279121818236,-0.22252093395631434
2019-01-24,0.91,0.04,0.18,27.45,317.35,162.81,0.91,103.71,2.05,45.92,13.33,1024.5,0.0,0.0,0.49999999999999994,0.8660254037844387,0.43388373911755823,-0.900968867902419
2019-01-25,0.9,0.01,0.2,24.68,343.54,176.38,-0.68,103.54,1.74,43.12,13.03,1024.3,0.0,0.0,0.49999999999999994,0.8660254037844387,-0.433883739117558,-0.9009688679024191
2019-01-26,0.81,0.08,0.15,35.84,236.63,134.95,-0.82,103.37,2.6,39.17,13.99,1025.6,0.0,0.0,0.49999999999999994,0.8660254037844387,-0.9749279121818236,-0.2225209339563146
2019-01-27,0.78,0.01,0.16,31.86,269.11,151.05,3.77,103.19,1.31,45.21,16.36,1024.3,0.0,0.0,0.49999999999999994,0.8660254037844387,-0.7818314824680299,0.6234898018587334
2019-01-28,0.89,0.01,0.09,57.68,85.5,91.87,4.7,103.01,1.19,45.63,17.45,1018.0,0.0,0.0,0.49999999999999994,0.8660254037844387,0.0,1.0
2019-01-29,0.9,0.01,0.13,52.84,136.42,125.15,6.4,102.82,1.33,52.11,17.21,1014.4,0.0,0.0,0.49999999999999994,0.8660254037844387,0.7818314824680298,0.6234898018587336
2019-01-30,0.9,0.0,0.11,50.67,151.27,112.99,7.61,102.63,0.77,64.76,15.03,1013.1,0.0,0.0,0.49999999999999994,0.8660254037844387,0.9749279121818236,-0.22252093395631434
2019-01-31,0.92,0.03,0.02,22.73,0.79,23.0,8.97,102.44,1.48,82.06,12.07,1013.6,0.0,0.0,0.49999999999999994,0.8660254037844387,0.43388373911755823,-0.900968867902419
2019-02-01,0.91,0.03,0.14,66.39,152.22,134.65,8.84,102.24,1.67,80.28,12.37,1015.3,0.02,0.0,0.8660254037844386,0.5000000000000001,-0.433883739117558,-0.9009688679024191
2019-02-02,0.85,0.23,0.01,18.42,4.53,19.24,8.88,102.04,4.18,85.84,11.2,1011.9,0.0,0.0,0.8660254037844386,0.5000000000000001,-0.9749279121818236,-0.2225209339563146
2019-02-03,0.81,0.08,0.04,42.47,10.49,45.21,8.45,101.84,3.05,87.37,10.5,1009.3,0.14,1.0,0.8660254037844386,0.5000000000000001,-0.7818314824680299,0.6234898018587334
2019-02-04,0.93,0.19,0.05,46.52,34.56,54.5,8.53,101.63,4.08,88.65,10.33,1008.7,0.0,0.0,0.8660254037844386,0.5000000000000001,0.0,1.0
2019-02-05,0.95,0.15,0.07,45.77,78.53,74.92,4.36,101.41,3.5,80.39,7.68,1007.7,0.0,0.0,0.8660254037844386,0.5000000000000001,0.7818314824680298,0.6234898018587336
2019-02-06,0.95,0.03,0.22,29.21,352.74,195.53,-2.48,101.2,1.7,62.9,5.07,1014.7,0.0,0.0,0.8660254037844386,0.5000000000000001,0.9749279121818236,-0.22252093395631434
2019-02-07,0.91,0.02,0.21,29.71,333.34,192.64,-2.93,100.98,1.61,53.53,7.03,1025.0,0.0,0.0,0.8660254037844386,0.5000000000000001,0.43388373911755823,-0.900968867902419
2019-02-08,0.91,0.02,0.21,29.43,335.78,194.99,-1.4,100.76,1.66,57.63,7.6,1022.7,0.0,0.0,0.8660254037844386,0.5000000000000001,-0.433883739117558,-0.9009688679024191
2019-02-09,0.84,0.03,0.14,35.56,192.89,136.91,4.95,100.53,1.86,82.05,8.12,1015.4,0.0,0.0,0.8660254037844386,0.5000000000000001,-0.9749279121818236,-0.2225209339563146
2019-02-10,0.81,0.14,0.06,50.24,27.5,64.84,4.63,100.3,2.87,83.26,7.42,1014.4,0.0,0.0,0.8660254037844386,0.5000000000000001,-0.7818314824680299,0.6234898018587334
2019-02-11,0.88,0.01,0.22,27.32,372.15,209.32,-4.24,100.07,1.34,51.09,6.86,1019.2,0.0,0.0,0.8660254037844386,0.5000000000000001,0.0,1.0
2019-02-12,0.92,0.02,0.16,64.19,169.43,156.28,-2.51,99.83,1.86,45.36,10.15,1023.5,0.0,0.0,0.8660254037844386,0.5000000000000001,0.7818314824680298,0.6234898018587336
2019-02-13,0.93,0.03,0.05,55.14,6.31,58.66,5.84,99.59,1.95,74.2,10.47,1015.3,0.0,0.0,0.8660254037844386,0.5000000000000001,0.9749279121818236,-0.22252093395631434
2019-02-14,0.93,0.23,0.02,21.19,3.64,22.5,11.26,99.35,4.19,91.52,12.61,1011.6,0.15,1.0,0.8660254037844386,0.5000000000000001,0.43388373911755823,-0.900968867902419
2019-02-15,0.92,0.12,0.08,66.93,39.72,89.07,7.44,99.11,3.23,82.86,10.39,1014.0,0.0,0.0,0.8660254037844386,0.5000000000000001,-0.433883739117558,-0.9009688679024191
2019-02-16,0.83,0.05,0.22,36.9,320.83,204.64,3.7,98.86,2.41,74.93,8.63,1015.7,0.0,0.0,0.8660254037844386,0.5000000000000001,-0.9749279121818236,-0.2225209339563146
2019-02-17,0.82,0.11,0.1,42.13,119.2,98.91,2.9,98.61,2.68,79.67,6.46,1014.9,0.0,0.0,0.8660254037844386,0.5000000000000001,-0.7818314824680299,0.6234898018587334
2019-02-18,0.9,0.01,0.19,41.69,284.22,189.3,-1.65,98.36,1.36,64.17,5.48,1014.9,0.0,0.0,0.8660254037844386,0.5000000000000001,0.0,1.0
2019-02-19,0.94,0.01,0.23,31.65,365.01,221.75,-4.4,98.1,1.61,52.21,5.93,1018.9,0.0,0.0,0.8660254037844386,0.5000000000000001,0.7818314824680298,0.6234898018587336
2019-02-20,0.96,0.06,0.07,50.62,65.03,75.56,2.79,97.85,2.24,79.09,6.44,1014.7,0.0,0.0,0.8660254037844386,0.5000000000000001,0.9749279121818236,-0.22252093395631434
2019-02-21,0.97,0.02,0.08,52.75,59.26,87.3,1.01,97.59,1.75,73.27,5.83,1003.8,0.3,0.0,0.8660254037844386,0.5000000000000001,0.43388373911755823,-0.900968867902419
2019-02-22,0.94,0.03,0.22,38.27,325.29,215.78,-2.81,97.32,1.8,55.26,6.79,1011.2,0.05,0.0,0.8660254037844386,0.5000000000000001,-0.433883739117558,-0.9009688679024191
2019-02-23,0.86,0.01,0.22,37.41,325.35,219.74,0.12,97.06,1.19,58.54,8.88,1024.2,0.0,0.0,0.8660254037844386,0.5000000000000001,-0.9749279121818236,-0.2225209339563146
2019-02-24,0.8,0.01,0.21,36.87,335.42,220.56,0.72,96.79,1.06,52.46,11.27,1024.1,0.0,0.0,0.8660254037844386,0.5000000000000001,-0.7818314824680299,0.6234898018587334
2019-02-25,0.91,0.01,0.21,39.2,320.14,217.78,5.07,96.53,1.2,61.52,12.91,1018.6,0.0,0.0,0.8660254037844386,0.5000000000000001,0.0,1.0
2019-02-26,0.92,0.01,0.16,80.39,153.45,168.44,5.66,96.26,1.14,68.07,11.86,1018.1,0.0,0.0,0.8660254037844386,0.5000000000000001,0.7818314824680298,0.6234898018587336
2019-02-27,0.9,0.02,0.16,60.49,194.76,173.03,8.75,95.99,1.45,78.18,13.01,1017.8,0.0,0.0,0.8660254037844386,0.5000000000000001,0.9749279121818236,-0.22252093395631434
2019-02-28,0.91,0.02,0.12,79.73,102.84,134.93,10.83,95.71,1.35,84.08,13.65,1017.3,0.0,0.0,0.8660254037844386,0.5000000000000001,0.43388373911755823,-0.900968867902419
2019-03-01,0.88,0.01,0.12,93.78,70.04,136.33,10.28,95.43,1.24,79.33,14.22,1015.6,0.0,0.0,1.0,6.123233995736766e-17,-0.433883739117558,-0.9009688679024191
2019-03-02,0.85,0.13,0.04,43.6,20.64,47.73,11.05,95.16,3.14,89.34,12.78,1011.8,0.0,0.0,1.0,6.123233995736766e-17,-0.9749279121818236,-0.2225209339563146
2019-03-03,0.79,0.05,0.07,65.99,46.32,81.42,9.95,94.88,2.27,85.1,12.49,1013.4,0.0,0.0,1.0,6.123233995736766e-17,-0.7818314824680299,0.6234898018587334
2019-03-04,0.9,0.01,0.12,82.43,93.47,135.47,8.45,94.6,1.38,76.16,13.1,1015.0,0.0,0.0,1.0,6.123233995736766e-17,0.0,1.0
2019-03-05,0.91,0.02,0.13,81.03,124.0,149.76,7.29,94.32,1.6,66.16,14.37,1015.9,0.0,0.0,1.0,6.123233995736766e-17,0.7818314824680298,0.6234898018587336
2019-03-06,0.93,0.09,0.03,34.35,7.2,37.46,10.57,94.03,2.86,86.36,12.83,1012.8,99.99,2.0,1.0,6.123233995736766e-17,0.9749279121818236,-0.22252093395631434
2019-03-07,0.91,0.06,0.2,64.18,252.65,210.17,7.91,93.75,2.38,79.96,11.51,1013.6,0.0,0.0,1.0,6.123233995736766e-17,0.43388373911755823,-0.900968867902419
2019-03-08,0.92,0.11,0.19,60.38,237.25,198.29,4.22,93.47,2.84,75.07,9.04,1011.7,0.0,0.0,1.0,6.123233995736766e-17,-0.433883739117558,-0.9009688679024191
2019-03-09,0.85,0.03,0.21,54.49,289.87,227.71,5.03,93.18,1.88,75.74,9.53,1014.6,0.0,0.0,1.0,6.123233995736766e-17,-0.9749279121818236,-0.2225209339563146
2019-03-10,0.83,0.0,0.18,85.41,186.69,198.55,4.79,92.9,0.91,75.65,9.17,1012.2,0.0,0.0,1.0,6.123233995736766e-17,-0.7818314824680299,0.6234898018587334
2019-03-11,0.92,0.03,0.1,94.6,48.56,117.01,5.03,92.61,2.0,71.14,10.57,1013.7,0.0,0.0,1.0,6.123233995736766e-17,0.0,1.0
2019-03-12,0.92,0.04,0.23,46.27,343.62,247.74,7.03,92.32,2.35,73.46,12.42,1008.3,0.07,0.0,1.0,6.123233995736766e-17,0.7818314824680298,0.6234898018587336
2019-03-13,0.87,0.02,0.19,64.83,233.9,206.89,2.74,92.03,1.71,60.98,11.03,1010.5,0.0,0.0,1.0,6.123233995736766e-17,0.9749279121818236,-0.22252093395631434
2019-03-14,0.91,0.13,0.26,36.92,414.17,275.17,-2.79,91.75,3.2,45.39,9.85,1023.3,0.0,0.0,1.0,6.123233995736766e-17,0.43388373911755823,-0.900968867902419
2019-03-15,0.87,0.08,0.25,38.68,397.43,269.89,-0.04,91.46,2.73,48.68,11.6,1023.4,0.0,0.0,1.0,6.123233995736766e-17,-0.433883739117558,-0.9009688679024191
2019-03-16,0.84,0.06,0.24,43.0,377.69,265.88,2.25,91.17,2.38,44.95,15.04,1018.2,0.0,0.0,1.0,6.123233995736766e-17,-0.9749279121818236,-0.2225209339563146
2019-03-17,0.81,0.02,0.23,39.88,378.12,265.2,5.98,90.88,1.55,48.78,17.95,1018.7,0.0,0.0,1.0,6.123233995736766e-17,-0.7818314824680299,0.6234898018587334
2019-03-18,0.91,0.02,0.24,39.92,382.07,267.98,8.54,90.59,1.59,55.37,18.58,1014.5,0.0,0.0,1.0,6.123233995736766e-17,0.0,1.0
2019-03-19,0.92,0.03,0.21,76.59,255.9,235.5,9.6,90.3,1.79,69.98,15.56,1014.8,0.0,0.0,1.0,6.123233995736766e-17,0.7818314824680298,0.6234898018587336
2019-03-20,0.91,0.03,0.1,69.5,64.58,114.12,8.11,90.01,1.83,79.61,11.86,1012.6,0.0,1.0,1.0,6.123233995736766e-17,0.9749279121818236,-0.22252093395631434
2019-03-21,0.9,0.06,0.11,87.94,89.61,131.35,7.19,89.72,2.3,80.18,10.69,1016.3,0.01,2.0,1.0,6.123233995736766e-17,0.43388373911755823,-0.900968867902419
2019-03-22,0.88,0.02,0.22,68.15,286.52,249.38,7.26,89.43,1.43,72.0,12.95,1018.7,0.0,0.0,1.0,6.123233995736766e-17,-0.433883739117558,-0.9009688679024191
2019-03-23,0.82,0.04,0.16,97.09,153.15,184.32,8.89,89.14,2.01,75.5,13.64,1011.9,0.0,0.0,1.0,6.123233995736766e-17,-0.9749279121818236,-0.2225209339563146
2019-03-24,0.79,0.01,0.24,53.56,354.77,276.71,6.53,88.86,1.11,62.72,14.93,1015.7,0.0,0.0,1.0,6.123233995736766e-17,-0.7818314824680299,0.6234898018587334
2019-03-25,0.89,0.01,0.24,51.34,376.9,284.06,5.65,88.57,1.49,51.86,16.86,1020.0,0.0,0.0,1.0,6.123233995736766e-17,0.0,1.0
2019-03-26,0.88,0.01,0.22,75.46,300.02,259.5,7.05,88.28,1.2,62.67,15.69,1015.5,0.0,0.0,1.0,6.123233995736766e-17,0.7818314824680298,0.6234898018587336
2019-03-27,0.9,0.03,0.23,60.09,317.52,266.58,9.69,87.99,1.57,77.31,14.19,1012.7,0.0,0.0,1.0,6.123233995736766e-17,0.9749279121818236,-0.22252093395631434
2019-03-28,0.9,0.05,0.19,85.79,226.75,221.23,9.07,87.71,1.97,75.93,13.89,1017.7,0.0,0.0,1.0,6.123233995736766e-17,0.43388373911755823,-0.900968867902419
2019-03-29,0.88,0.01,0.24,57.19,341.01,279.02,6.02,87.42,1.48,64.29,14.53,1020.0,0.0,0.0,1.0,6.123233995736766e-17,-0.433883739117558,-0.9009688679024191
2019-03-30,0.82,0.01,0.24,48.84,382.21,288.42,4.32,87.14,1.47,48.73,17.09,1012.6,0.0,0.0,1.0,6.123233995736766e-17,-0.9749279121818236,-0.2225209339563146
2019-03-31,0.81,0.01,0.24,46.83,388.83,293.11,4.01,86.85,1.42,41.3,18.72,1016.1,0.0,0.0,1.0,6.123233995736766e-17,-0.7818314824680299,0.6234898018587334
2019-04-01,0.92,0.01,0.21,89.42,253.83,254.73,6.78,86.57,1.59,51.87,18.18,1016.4,0.0,0.0,0.8660254037844387,-0.4999999999999998,0.0,1.0
2019-04-02,0.92,0.1,0.25,43.27,400.9,295.78,10.13,86.29,2.81,74.66,15.32,1010.4,0.0,0.0,0.8660254037844387,-0.4999999999999998,0.7818314824680298,0.6234898018587336
2019-04-03,0.92,0.02,0.14,124.12,69.72,170.65,9.75,86.01,1.8,77.12,14.05,1012.2,0.0,0.0,0.8660254037844387,-0.4999999999999998,0.9749279121818236,-0.22252093395631434
2019-04-04,0.91,0.04,0.17,84.94,163.02,204.14,9.37,85.73,2.06,75.35,14.13,1014.4,0.0,0.0,0.8660254037844387,-0.4999999999999998,0.43388373911755823,-0.900968867902419
2019-04-05,0.9,0.05,0.12,71.34,124.93,147.74,9.31,85.46,2.07,77.47,13.61,1012.2,0.0,0.0,0.8660254037844387,-0.4999999999999998,-0.433883739117558,-0.9009688679024191
2019-04-06,0.82,0.03,0.22,57.97,325.77,262.07,9.18,85.18,1.81,69.59,15.71,1014.4,0.0,0.0,0.8660254037844387,-0.4999999999999998,-0.9749279121818236,-0.2225209339563146
2019-04-07,0.82,0.01,0.22,74.58,298.84,277.17,9.54,84.9,1.24,56.38,19.76,1019.6,0.0,0.0,0.8660254037844387,-0.4999999999999998,-0.7818314824680299,0.6234898018587334
2019-04-08,0.94,0.01,0.2,102.28,213.33,252.24,11.02,84.63,1.39,52.2,22.32,1018.9,0.0,0.0,0.8660254037844387,-0.4999999999999998,0.0,1.0
2019-04-09,0.9,0.18,0.25,51.7,399.21,306.1,9.03,84.36,3.29,58.46,18.23,1013.4,0.0,0.0,0.8660254037844387,-0.4999999999999998,0.7818314824680298,0.6234898018587336
2019-04-10,0.92,0.05,0.26,45.78,428.73,320.56,3.27,84.09,2.44,51.35,15.27,1014.0,0.0,1.0,0.8660254037844387,-0.4999999999999998,0.9749279121818236,-0.22252093395631434
2019-04-11,0.92,0.04,0.17,110.95,163.79,213.49,4.78,83.83,1.74,54.8,15.47,1016.0,0.0,0.0,0.8660254037844387,-0.4999999999999998,0.43388373911755823,-0.900968867902419
2019-04-12,0.9,0.03,0.26,43.51,420.18,318.46,4.98,83.56,1.77,57.1,15.47,1007.7,0.0,0.0,0.8660254037844387,-0.4999999999999998,-0.433883739117558,-0.9009688679024191
2019-04-13,0.83,0.02,0.25,46.12,402.51,317.23,5.43,83.3,1.59,50.52,17.59,1013.9,0.0,0.0,0.8660254037844387,-0.4999999999999998,-0.9749279121818236,-0.2225209339563146
2019-04-14,0.8,0.02,0.23,84.65,303.03,286.19,5.36,83.04,1.52,47.89,17.41,1012.9,0.0,0.0,0.8660254037844387,-0.4999999999999998,-0.7818314824680299,0.6234898018587334
2019-04-15,0.9,0.05,0.23,93.58,280.01,279.2,5.53,82.78,2.04,55.46,15.42,1008.3,0.0,0.0,0.8660254037844387,-0.4999999999999998,0.0,1.0
2019-04-16,0.91,0.05,0.05,58.1,14.74,62.58,8.87,82.52,2.25,77.09,13.15,1008.6,0.0,0.0,0.8660254037844387,-0.4999999999999998,0.7818314824680298,0.6234898018587336
2019-04-17,0.93,0.01,0.25,50.66,398.58,320.28,6.88,82.27,1.51,57.28,17.59,1016.9,0.0,0.0,0.8660254037844387,-0.4999999999999998,0.9749279121818236,-0.22252093395631434
2019-04-18,0.97,0.01,0.24,64.24,365.59,309.16,7.18,82.02,1.35,42.06,22.13,1019.4,0.0,0.0,0.8660254037844387,-0.4999999999999998,0.43388373911755823,-0.900968867902419
2019-04-19,0.98,0.03,0.23,66.28,348.3,301.04,8.72,81.77,1.61,50.53,21.0,1014.8,0.0,0.0,0.8660254037844387,-0.4999999999999998,-0.433883739117558,-0.9009688679024191
2019-04-20,0.85,0.06,0.16,111.27,153.0,205.58,9.37,81.52,2.28,73.41,14.42,1007.9,0.0,0.0,0.8660254037844387,-0.4999999999999998,-0.9749279121818236,-0.2225209339563146
2019-04-21,0.79,0.05,0.21,76.89,261.54,264.17,9.75,81.28,2.43,71.43,15.53,1009.9,0.0,0.0,0.8660254037844387,-0.4999999999999998,-0.7818314824680299,0.6234898018587334
2019-04-22,0.91,0.02,0.25,52.55,389.18,317.41,8.08,81.04,1.62,56.42,18.61,1013.1,0.0,0.0,0.8660254037844387,-0.4999999999999998,0.0,1.0
2019-04-23,0.96,0.02,0.25,47.98,421.95,329.01,8.28,80.8,1.72,47.73,21.41,1013.7,0.0,0.0,0.8660254037844387,-0.4999999999999998,0.7818314824680298,0.6234898018587336
2019-04-24,0.97,0.01,0.25,49.47,412.52,325.74,9.15,80.56,1.34,46.71,21.92,1012.8,0.0,0.0,0.8660254037844387,-0.4999999999999998,0.9749279121818236,-0.22252093395631434
2019-04-25,1.0,0.02,0.25,48.31,415.34,326.31,10.14,80.33,1.38,49.46,22.0,1011.6,0.0,0.0,0.8660254037844387,-0.4999999999999998,0.43388373911755823,-0.900968867902419
2019-04-26,0.97,0.03,0.25,49.93,417.48,329.5,11.7,80.1,1.57,59.7,20.38,1011.4,0.0,0.0,0.8660254037844387,-0.4999999999999998,-0.433883739117558,-0.9009688679024191
2019-04-27,0.87,0.03,0.2,87.52,241.89,256.73,11.87,79.87,1.65,69.31,18.43,1009.4,0.0,0.0,0.8660254037844387,-0.4999999999999998,-0.9749279121818236,-0.2225209339563146
2019-04-28,0.83,0.03,0.2,99.41,263.04,265.75,10.19,79.64,1.92,66.77,17.26,1007.0,0.0,0.0,0.8660254037844387,-0.4999999999999998,-0.7818314824680299,0.6234898018587334
2019-04-29,0.91,0.05,0.1,102.12,45.6,136.28,10.48,79.42,2.27,76.86,14.76,1004.5,0.0,2.0,0.8660254037844387,-0.4999999999999998,0.0,1.0
2019-04-30,0.92,0.08,0.17,112.45,148.77,222.72,10.59,79.21,2.65,78.08,14.63,1008.7,0.0,2.0,0.8660254037844387,-0.4999999999999998,0.7818314824680298,0.6234898018587336
2019-05-01,0.93,0.02,0.25,71.02,367.21,326.69,8.85,78.99,1.55,65.12,16.8,1011.9,0.0,0.0,0.49999999999999994,-0.8660254037844387,0.9749279121818236,-0.22252093395631434
2019-05-02,0.93,0.02,0.23,91.73,306.87,305.11,10.41,78.78,1.37,66.65,17.68,1013.2,0.0,0.0,0.49999999999999994,-0.8660254037844387,0.43388373911755823,-0.900968867902419
2019-05-03,0.94,0.04,0.25,58.55,402.43,334.2,11.46,78.57,1.6,65.65,18.82,1011.6,0.0,0.0,0.49999999999999994,-0.8660254037844387,-0.433883739117558,-0.9009688679024191
2019-05-04,0.84,0.03,0.26,59.5,406.57,338.91,10.25,78.37,1.64,67.31,17.71,1008.8,0.0,0.0,0.49999999999999994,-0.8660254037844387,-0.9749279121818236,-0.2225209339563146
2019-05-05,0.8,0.08,0.21,63.43,319.95,281.01,9.38,78.17,2.53,69.33,15.91,1006.2,0.0,0.0,0.49999999999999994,-0.8660254037844387,-0.7818314824680299,0.6234898018587334
2019-05-06,0.91,0.06,0.15,127.9,114.75,196.61,9.88,77.97,2.55,72.83,15.25,1007.0,0.0,0.0,0.49999999999999994,-0.8660254037844387,0.0,1.0
2019-05-07,0.92,0.04,0.08,88.47,34.83,103.72,11.25,77.77,2.31,78.79,15.13,1011.0,0.01,2.0,0.49999999999999994,-0.8660254037844387,0.7818314824680298,0.6234898018587336
2019-05-08,0.92,0.04,0.09,103.98,53.29,128.49,12.23,77.58,2.17,74.82,17.27,1010.3,0.0,0.0,0.49999999999999994,-0.8660254037844387,0.9749279121818236,-0.22252093395631434
2019-05-09,0.92,0.03,0.08,100.48,24.52,110.94,12.1,77.39,1.84,76.27,16.64,1005.9,0.0,0.0,0.49999999999999994,-0.8660254037844387,0.43388373911755823,-0.900968867902419
2019-05-10,0.91,0.01,0.06,71.68,15.09,78.19,11.06,77.21,0.97,73.03,16.45,1006.2,0.02,1.0,0.49999999999999994,-0.8660254037844387,-0.433883739117558,-0.9009688679024191
2019-05-11,0.85,0.0,0.19,116.3,203.31,254.34,12.33,77.03,0.94,70.41,18.48,1011.7,0.0,2.0,0.49999999999999994,-0.8660254037844387,-0.9749279121818236,-0.2225209339563146
2019-05-12,0.82,0.02,0.25,58.02,400.16,338.76,12.61,76.86,1.5,66.69,20.33,1011.3,0.0,0.0,0.49999999999999994,-0.8660254037844387,-0.7818314824680299,0.6234898018587334
2019-05-13,0.94,0.03,0.18,89.26,227.97,247.17,13.03,76.69,1.45,68.54,19.92,1011.5,0.0,0.0,0.49999999999999994,-0.8660254037844387,0.0,1.0
2019-05-14,0.96,0.03,0.23,80.8,329.0,308.34,10.9,76.52,1.6,61.04,19.81,1012.4,0.0,0.0,0.49999999999999994,-0.8660254037844387,0.7818314824680298,0.6234898018587336
2019-05-15,0.95,0.06,0.21,131.52,184.63,274.58,9.75,76.35,2.2,66.65,16.59,1009.8,0.0,0.0,0.49999999999999994,-0.8660254037844387,0.9749279121818236,-0.22252093395631434
2019-05-16,0.92,0.19,0.16,77.76,195.4,214.0,9.57,76.19,3.61,74.91,14.54,1007.1,0.0,0.0,0.49999999999999994,-0.8660254037844387,0.43388373911755823,-0.900968867902419
2019-05-17,0.91,0.08,0.23,110.37,303.25,304.01,6.83,76.04,2.4,63.83,15.15,1011.2,0.0,0.0,0.49999999999999994,-0.8660254037844387,-0.433883739117558,-0.9009688679024191
2019-05-18,0.83,0.05,0.22,124.66,224.19,288.99,8.9,75.89,1.98,66.25,16.22,1012.2,0.0,0.0,0.49999999999999994,-0.8660254037844387,-0.9749279121818236,-0.2225209339563146
2019-05-19,0.79,0.16,0.16,113.86,130.51,205.73,8.9,75.74,3.76,75.68,13.44,1007.1,0.0,0.0,0.49999999999999994,-0.8660254037844387,-0.7818314824680299,0.6234898018587334
2019-05-20,0.9,0.1,0.17,96.23,209.88,227.34,7.42,75.6,3.07,66.27,14.68,1007.7,0.0,0.0,0.49999999999999994,-0.8660254037844387,0.0,1.0
2019-05-21,0.91,0.15,0.08,62.8,78.66,108.6,8.96,75.46,3.39,74.8,13.85,1007.8,0.0,0.0,0.49999999999999994,-0.8660254037844387,0.7818314824680298,0.6234898018587336
2019-05-22,0.92,0.03,0.12,57.53,173.07,163.23,7.08,75.32,1.75,69.07,13.4,1002.1,0.31,2.0,0.49999999999999994,-0.8660254037844387,0.9749279121818236,-0.22252093395631434
2019-05-23,0.92,0.08,0.03,43.69,16.17,47.22,9.88,75.19,2.49,77.81,13.9,1009.5,0.01,1.0,0.49999999999999994,-0.8660254037844387,0.43388373911755823,-0.900968867902419
2019-05-24,0.91,0.02,0.26,52.86,430.81,353.43,9.38,75.06,1.62,63.37,17.66,1014.1,0.0,0.0,0.49999999999999994,-0.8660254037844387,-0.433883739117558,-0.9009688679024191
2019-05-25,0.83,0.06,0.26,54.38,434.86,358.06,10.08,74.94,2.13,68.25,16.85,1009.4,0.0,0.0,0.49999999999999994,-0.8660254037844387,-0.9749279121818236,-0.2225209339563146
2019-05-26,0.79,0.15,0.06,73.33,23.7,81.86,9.26,74.82,3.61,78.81,13.05,1006.8,0.0,0.0,0.49999999999999994,-0.8660254037844387,-0.7818314824680299,0.6234898018587334
2019-05-27,0.79,0.06,0.17,85.7,245.81,236.49,7.04,74.71,2.31,66.6,14.12,1009.4,0.0,0.0,0.49999999999999994,-0.8660254037844387,0.0,1.0
2019-05-28,0.92,0.02,0.25,58.68,416.07,353.1,9.95,74.6,1.51,65.86,17.45,1011.2,0.0,0.0,0.49999999999999994,-0.8660254037844387,0.7818314824680298,0.6234898018587336
2019-05-29,0.94,0.03,0.25,56.22,424.5,353.55,11.84,74.49,1.48,62.3,20.22,1009.0,0.0,0.0,0.49999999999999994,-0.8660254037844387,0.9749279121818236,-0.22252093395631434
2019-05-30,0.95,0.03,0.26,57.56,430.4,359.82,7.97,74.39,1.59,48.65,20.56,1009.4,0.0,0.0,0.49999999999999994,-0.8660254037844387,0.43388373911755823,-0.900968867902419
2019-05-31,0.95,0.04,0.22,74.99,334.32,311.53,8.75,74.29,1.63,55.3,18.7,1009.2,0.0,0.0,0.49999999999999994,-0.8660254037844387,-0.433883739117558,-0.9009688679024191
2019-06-01,0.86,0.03,0.18,98.55,225.53,255.23,11.86,74.2,1.62,66.84,18.79,1007.4,0.0,0.0,1.2246467991473532e-16,-1.0,-0.9749279121818236,-0.2225209339563146
2019-06-02,0.83,0.02,0.13,106.64,149.42,182.18,14.08,74.11,1.52,70.91,20.22,1007.4,0.0,0.0,1.2246467991473532e-16,-1.0,-0.7818314824680299,0.6234898018587334
2019-06-03,0.97,0.02,0.19,76.66,285.7,274.45,12.79,74.03,1.3,63.32,21.52,1008.4,0.0,0.0,1.2246467991473532e-16,-1.0,0.0,1.0
2019-06-04,1.02,0.01,0.22,69.6,366.18,327.1,11.8,73.95,1.12,56.26,23.42,1009.1,0.0,0.0,1.2246467991473532e-16,-1.0,0.7818314824680298,0.6234898018587336
2019-06-05,1.06,0.02,0.25,54.46,432.0,356.52,9.84,73.88,1.5,47.12,23.35,1009.3,0.0,0.0,1.2246467991473532e-16,-1.0,0.9749279121818236,-0.22252093395631434
2019-06-06,1.05,0.04,0.26,50.16,449.34,364.44,9.09,73.81,1.81,48.96,21.85,1009.2,0.0,0.0,1.2246467991473532e-16,-1.0,0.43388373911755823,-0.900968867902419
2019-06-07,1.02,0.06,0.22,69.24,359.69,316.52,11.44,73.74,1.89,59.52,20.8,1008.4,0.0,0.0,1.2246467991473532e-16,-1.0,-0.433883739117558,-0.9009688679024191
2019-06-08,0.95,0.01,0.25,51.75,450.99,364.85,8.9,73.68,1.36,47.6,23.2,1009.9,0.0,0.0,1.2246467991473532e-16,-1.0,-0.9749279121818236,-0.2225209339563146
2019-06-09,0.96,0.03,0.25,53.8,448.09,367.2,6.15,73.63,1.54,31.14,27.29,1014.8,0.0,0.0,1.2246467991473532e-16,-1.0,-0.7818314824680299,0.6234898018587334
2019-06-10,1.12,0.01,0.23,79.26,342.83,337.99,5.96,73.57,1.5,25.06,30.02,1015.9,0.0,0.0,1.2246467991473532e-16,-1.0,0.0,1.0
2019-06-11,1.19,0.02,0.22,98.58,322.0,323.17,9.71,73.53,1.56,30.92,30.64,1015.6,0.0,0.0,1.2246467991473532e-16,-1.0,0.7818314824680298,0.6234898018587336
2019-06-12,1.21,0.04,0.25,51.67,450.73,366.65,10.34,73.48,1.7,40.16,26.31,1012.0,0.0,0.0,1.2246467991473532e-16,-1.0,0.9749279121818236,-0.22252093395631434
2019-06-13,1.09,0.05,0.26,55.3,450.77,368.27,7.28,73.45,1.95,42.75,21.83,1008.0,0.0,0.0,1.2246467991473532e-16,-1.0,0.43388373911755823,-0.900968867902419
2019-06-14,1.01,0.04,0.18,73.85,295.11,266.98,12.53,73.41,1.87,62.78,20.61,1006.4,0.0,0.0,1.2246467991473532e-16,-1.0,-0.433883739117558,-0.9009688679024191
2019-06-15,0.92,0.04,0.19,72.85,301.73,280.95,14.32,73.38,1.71,65.09,22.17,1007.7,0.0,0.0,1.2246467991473532e-16,-1.0,-0.9749279121818236,-0.2225209339563146
2019-06-16,0.88,0.04,0.21,91.28,295.11,301.03,12.85,73.36,1.86,65.11,20.6,1006.9,0.0,0.0,1.2246467991473532e-16,-1.0,-0.7818314824680299,0.6234898018587334
2019-06-17,0.99,0.03,0.21,91.38,310.6,301.88,14.11,73.34,1.58,68.18,20.88,1006.9,0.0,0.0,1.2246467991473532e-16,-1.0,0.0,1.0
2019-06-18,1.0,0.02,0.21,79.41,320.85,307.97,15.2,73.33,1.47,63.81,23.92,1008.9,0.0,0.0,1.2246467991473532e-16,-1.0,0.7818314824680298,0.6234898018587336
2019-06-19,1.02,0.04,0.23,61.37,386.33,335.2,13.5,73.31,1.82,60.09,22.49,1010.2,0.0,0.0,1.2246467991473532e-16,-1.0,0.9749279121818236,-0.22252093395631434
2019-06-20,1.0,0.08,0.19,64.06,320.5,273.89,13.24,73.31,2.53,68.6,19.62,1007.4,0.0,0.0,1.2246467991473532e-16,-1.0,0.43388373911755823,-0.900968867902419
2019-06-21,0.97,0.08,0.12,95.76,125.85,165.31,14.39,73.31,2.76,74.14,19.48,1004.7,0.0,0.0,1.2246467991473532e-16,-1.0,-0.433883739117558,-0.9009688679024191
2019-06-22,0.88,0.01,0.23,69.19,393.59,345.65,9.79,73.31,1.57,51.39,23.14,1009.0,0.0,0.0,1.2246467991473532e-16,-1.0,-0.9749279121818236,-0.2225209339563146
2019-06-23,0.89,0.03,0.25,51.08,456.9,368.58,9.16,73.32,1.52,45.75,24.16,1012.8,0.0,0.0,1.2246467991473532e-16,-1.0,-0.7818314824680299,0.6234898018587334
2019-06-24,1.03,0.04,0.23,60.51,389.29,334.39,10.98,73.33,1.74,52.6,22.75,1009.6,0.0,0.0,1.2246467991473532e-16,-1.0,0.0,1.0
2019-06-25,1.02,0.02,0.21,112.86,261.62,297.91,13.56,73.35,1.5,69.37,19.72,1007.2,0.0,0.0,1.2246467991473532e-16,-1.0,0.7818314824680298,0.6234898018587336
2019-06-26,1.01,0.04,0.23,59.98,390.63,328.89,11.89,73.37,1.67,59.76,20.99,1009.2,0.0,0.0,1.2246467991473532e-16,-1.0,0.9749279121818236,-0.22252093395631434
2019-06-27,1.02,0.04,0.25,52.22,453.58,365.28,9.84,73.39,1.68,51.66,22.24,1011.9,0.0,0.0,1.2246467991473532e-16,-1.0,0.43388373911755823,-0.900968867902419
2019-06-28,1.03,0.04,0.26,44.44,489.45,380.36,5.97,73.42,1.66,40.56,23.09,1011.9,0.0,0.0,1.2246467991473532e-16,-1.0,-0.433883739117558,-0.9009688679024191
2019-06-29,0.95,0.03,0.22,103.4,298.69,311.33,6.38,73.46,1.7,34.38,23.9,1012.3,0.0,0.0,1.2246467991473532e-16,-1.0,-0.9749279121818236,-0.2225209339563146
2019-06-30,0.96,0.05,0.25,43.33,468.69,365.5,6.5,73.5,1.78,32.74,25.86,1012.2,0.0,0.0,1.2246467991473532e-16,-1.0,-0.7818314824680299,0.6234898018587334
2019-07-01,1.13,0.05,0.25,45.36,470.66,368.7,6.76,73.54,1.75,34.25,25.69,1011.0,0.0,0.0,-0.4999999999999997,-0.8660254037844388,0.0,1.0
2019-07-02,1.11,0.05,0.25,52.61,455.15,365.66,10.15,73.59,1.87,47.7,23.58,1009.0,0.0,0.0,-0.4999999999999997,-0.8660254037844388,0.7818314824680298,0.6234898018587336
2019-07-03,1.09,0.05,0.24,76.17,404.47,346.54,12.08,73.64,2.09,59.8,21.86,1007.3,0.0,0.0,-0.4999999999999997,-0.8660254037844388,0.9749279121818236,-0.22252093395631434
2019-07-04,0.99,0.05,0.25,54.11,441.64,362.92,12.89,73.7,1.83,60.26,22.29,1007.9,0.0,0.0,-0.4999999999999997,-0.8660254037844388,0.43388373911755823,-0.900968867902419
2019-07-05,1.07,0.03,0.25,52.27,449.14,364.49,11.5,73.76,1.63,52.87,23.07,1011.1,0.0,0.0,-0.4999999999999997,-0.8660254037844388,-0.433883739117558,-0.9009688679024191
2019-07-06,1.01,0.04,0.26,50.0,460.1,366.84,9.35,73.83,1.67,43.92,23.46,1012.5,0.0,0.0,-0.4999999999999997,-0.8660254037844388,-0.9749279121818236,-0.2225209339563146
2019-07-07,0.95,0.04,0.23,78.42,327.86,322.63,10.14,73.9,1.78,53.15,21.1,1010.1,0.0,0.0,-0.4999999999999997,-0.8660254037844388,-0.7818314824680299,0.6234898018587334
2019-07-08,1.04,0.05,0.23,54.77,380.58,321.57,12.26,73.98,1.96,63.7,20.4,1009.8,0.0,0.0,-0.4999999999999997,-0.8660254037844388,0.0,1.0
2019-07-09,1.06,0.03,0.25,50.06,429.03,352.76,9.48,74.06,1.54,49.2,22.72,1012.1,0.0,0.0,-0.4999999999999997,-0.8660254037844388,0.7818314824680298,0.6234898018587336
2019-07-10,1.12,0.03,0.25,48.11,453.0,361.05,7.79,74.14,1.58,33.92,25.69,1013.7,0.0,0.0,-0.4999999999999997,-0.8660254037844388,0.9749279121818236,-0.22252093395631434
2019-07-11,1.19,0.03,0.25,47.52,460.41,363.49,8.2,74.23,1.57,31.39,27.54,1013.0,0.0,0.0,-0.4999999999999997,-0.8660254037844388,0.43388373911755823,-0.900968867902419
2019-07-12,1.28,0.02,0.25,45.45,459.52,361.64,8.0,74.32,1.43,28.25,29.29,1009.7,0.0,0.0,-0.4999999999999997,-0.8660254037844388,-0.433883739117558,-0.9009688679024191
2019-07-13,1.21,0.03,0.24,47.17,453.8,356.51,7.62,74.42,1.52,27.38,29.2,1008.3,0.0,0.0,-0.4999999999999997,-0.8660254037844388,-0.9749279121818236,-0.2225209339563146
2019-07-14,1.17,0.04,0.25,43.03,477.14,367.5,5.54,74.52,1.63,25.46,29.04,1011.1,0.0,0.0,-0.4999999999999997,-0.8660254037844388,-0.7818314824680299,0.6234898018587334
2019-07-15,1.29,0.04,0.25,44.36,472.9,367.21,8.35,74.63,1.78,29.99,29.23,9999.9,0.0,0.0,-0.4999999999999997,-0.8660254037844388,0.0,1.0
2019-07-16,1.27,0.05,0.26,42.73,484.0,369.84,6.86,74.74,1.76,30.98,27.49,1008.1,0.0,0.0,-0.4999999999999997,-0.8660254037844388,0.7818314824680298,0.6234898018587336
2019-07-17,1.22,0.05,0.26,43.38,478.85,368.83,6.87,74.85,1.87,37.11,24.24,1009.0,0.0,0.0,-0.4999999999999997,-0.8660254037844388,0.9749279121818236,-0.22252093395631434
2019-07-18,1.15,0.05,0.26,42.92,473.67,364.48,7.52,74.97,1.91,40.46,23.56,1010.8,0.0,0.0,-0.4999999999999997,-0.8660254037844388,0.43388373911755823,-0.900968867902419
2019-07-19,1.12,0.05,0.23,72.83,354.94,322.04,6.74,75.09,1.93,40.81,22.32,1008.6,0.0,0.0,-0.4999999999999997,-0.8660254037844388,-0.433883739117558,-0.9009688679024191
2019-07-20,1.03,0.05,0.25,41.74,465.47,357.25,8.31,75.22,1.83,42.81,23.0,1008.6,0.0,0.0,-0.4999999999999997,-0.8660254037844388,-0.9749279121818236,-0.2225209339563146
2019-07-21,1.06,0.03,0.25,41.36,463.67,356.71,4.86,75.35,1.44,27.58,27.19,9999.9,0.0,0.0,-0.4999999999999997,-0.8660254037844388,-0.7818314824680299,0.6234898018587334
2019-07-22,1.25,0.02,0.18,103.47,206.14,259.01,9.19,75.49,1.42,32.71,27.74,1013.6,0.03,2.0,-0.4999999999999997,-0.8660254037844388,0.0,1.0
2019-07-23,1.32,0.03,0.21,106.41,278.08,297.9,13.61,75.63,1.72,39.51,30.16,1013.9,0.0,1.0,-0.4999999999999997,-0.8660254037844388,0.7818314824680298,0.6234898018587336
2019-07-24,1.34,0.05,0.23,65.8,360.75,323.45,11.6,75.77,1.76,31.59,31.47,1013.7,0.13,2.0,-0.4999999999999997,-0.8660254037844388,0.9749279121818236,-0.22252093395631434
2019-07-25,1.33,0.01,0.15,97.95,163.37,211.63,13.86,75.92,1.2,37.21,31.07,1013.5,0.3,2.0,-0.4999999999999997,-0.8660254037844388,0.43388373911755823,-0.900968867902419
2019-07-26,1.36,0.04,0.24,53.45,406.75,337.77,13.34,76.07,1.62,38.07,30.74,1013.6,0.42,0.0,-0.4999999999999997,-0.8660254037844388,-0.433883739117558,-0.9009688679024191
2019-07-27,1.27,0.04,0.24,44.31,448.74,348.96,11.54,76.23,1.62,32.78,31.73,1013.2,0.0,0.0,-0.4999999999999997,-0.8660254037844388,-0.9749279121818236,-0.2225209339563146
2019-07-28,1.22,0.03,0.24,54.37,432.07,342.83,9.98,76.39,1.6,31.71,30.25,1011.6,0.0,0.0,-0.4999999999999997,-0.8660254037844388,-0.7818314824680299,0.6234898018587334
2019-07-29,1.33,0.03,0.24,57.09,424.93,340.79,8.2,76.55,1.66,32.74,27.09,1009.4,0.0,0.0,-0.4999999999999997,-0.8660254037844388,0.0,1.0
2019-07-30,1.28,0.05,0.24,54.76,402.49,335.56,7.18,76.72,1.8,28.55,27.73,1009.4,0.0,0.0,-0.4999999999999997,-0.8660254037844388,0.7818314824680298,0.6234898018587336
2019-07-31,1.26,0.04,0.25,45.25,446.22,347.77,5.65,76.89,1.71,29.38,26.35,1011.2,0.0,0.0,-0.4999999999999997,-0.8660254037844388,0.9749279121818236,-0.22252093395631434
2019-08-01,1.24,0.04,0.25,39.78,465.57,352.39,4.67,77.06,1.58,25.01,27.78,1012.7,0.0,0.0,-0.8660254037844385,-0.5000000000000004,0.43388373911755823,-0.900968867902419
2019-08-02,1.26,0.03,0.25,46.31,432.41,346.55,3.52,77.24,1.46,20.72,29.3,1012.1,0.0,0.0,-0.8660254037844385,-0.5000000000000004,-0.433883739117558,-0.9009688679024191
2019-08-03,1.19,0.03,0.23,69.49,387.2,325.16,4.11,77.42,1.55,22.35,29.78,1010.8,0.0,0.0,-0.8660254037844385,-0.5000000000000004,-0.9749279121818236,-0.2225209339563146
2019-08-04,1.17,0.04,0.23,66.67,393.39,323.92,4.83,77.61,1.65,22.91,29.4,1010.6,0.0,0.0,-0.8660254037844385,-0.5000000000000004,-0.7818314824680299,0.6234898018587334
2019-08-05,1.28,0.04,0.25,43.55,448.06,344.65,2.98,77.79,1.58,19.88,30.19,1010.7,0.0,0.0,-0.8660254037844385,-0.5000000000000004,0.0,1.0
2019-08-06,1.26,0.02,0.22,68.63,341.11,309.37,8.17,77.99,1.56,27.19,30.37,1010.5,0.0,1.0,-0.8660254037844385,-0.5000000000000004,0.7818314824680298,0.6234898018587336
2019-08-07,1.24,0.04,0.23,65.76,348.16,311.95,7.79,78.18,1.8,30.5,27.75,1010.5,0.0,0.0,-0.8660254037844385,-0.5000000000000004,0.9749279121818236,-0.22252093395631434
2019-08-08,1.22,0.05,0.25,45.97,434.9,337.26,4.57,78.38,1.87,25.87,26.4,1010.4,0.0,0.0,-0.8660254037844385,-0.5000000000000004,0.43388373911755823,-0.900968867902419
2019-08-09,1.16,0.06,0.25,43.06,451.51,343.85,3.96,78.59,1.96,27.39,25.13,1009.9,0.0,0.0,-0.8660254037844385,-0.5000000000000004,-0.433883739117558,-0.9009688679024191
2019-08-10,1.05,0.05,0.25,44.0,443.13,339.1,7.42,78.79,1.78,36.72,24.54,1009.9,0.0,0.0,-0.8660254037844385,-0.5000000000000004,-0.9749279121818236,-0.2225209339563146
2019-08-11,1.01,0.04,0.25,44.9,437.49,338.03,9.03,79.0,1.62,40.35,25.23,1011.5,0.0,0.0,-0.8660254037844385,-0.5000000000000004,-0.7818314824680299,0.6234898018587334
2019-08-12,1.16,0.03,0.25,43.01,445.98,339.6,6.19,79.21,1.43,31.35,26.12,1012.1,0.0,0.0,-0.8660254037844385,-0.5000000000000004,0.0,1.0
2019-08-13,1.22,0.03,0.25,40.53,450.86,338.94,4.57,79.43,1.45,22.52,28.54,1012.4,0.0,0.0,-0.8660254037844385,-0.5000000000000004,0.7818314824680298,0.6234898018587336
2019-08-14,1.27,0.03,0.25,38.39,467.14,344.55,1.59,79.65,1.38,17.83,30.94,1012.8,0.0,0.0,-0.8660254037844385,-0.5000000000000004,0.9749279121818236,-0.22252093395631434
2019-08-15,1.25,0.03,0.25,38.47,470.69,346.91,0.24,79.87,1.47,17.02,30.44,1011.9,0.0,0.0,-0.8660254037844385,-0.5000000000000004,0.43388373911755823,-0.900968867902419
2019-08-16,1.2,0.04,0.25,41.41,451.74,338.74,6.16,80.09,1.7,29.17,27.62,1009.5,0.0,0.0,-0.8660254037844385,-0.5000000000000004,-0.433883739117558,-0.9009688679024191
2019-08-17,1.05,0.05,0.25,44.91,433.67,331.16,9.64,80.32,1.85,46.08,23.3,1007.6,0.0,0.0,-0.8660254037844385,-0.5000000000000004,-0.9749279121818236,-0.2225209339563146
2019-08-18,0.99,0.03,0.23,76.28,350.18,302.97,8.19,80.55,1.58,41.96,23.56,1008.1,0.0,0.0,-0.8660254037844385,-0.5000000000000004,-0.7818314824680299,0.6234898018587334
2019-08-19,1.14,0.04,0.25,39.21,438.22,330.85,4.97,80.78,1.58,29.87,24.94,1010.4,0.0,0.0,-0.8660254037844385,-0.5000000000000004,0.0,1.0
2019-08-20,1.18,0.03,0.25,37.92,456.16,335.25,-0.21,81.02,1.55,18.47,27.66,1010.6,0.0,0.0,-0.8660254037844385,-0.5000000000000004,0.7818314824680298,0.6234898018587336
2019-08-21,1.23,0.04,0.25,40.32,452.53,334.35,4.9,81.26,1.65,24.74,28.99,1009.0,0.0,0.0,-0.8660254037844385,-0.5000000000000004,0.9749279121818236,-0.22252093395631434
2019-08-22,1.21,0.04,0.24,50.22,411.78,318.31,7.15,81.5,1.61,31.97,26.44,1005.6,0.0,0.0,-0.8660254037844385,-0.5000000000000004,0.43388373911755823,-0.900968867902419
2019-08-23,1.18,0.04,0.23,53.05,367.31,299.34,8.16,81.74,1.6,38.43,24.74,1007.1,0.0,0.0,-0.8660254037844385,-0.5000000000000004,-0.433883739117558,-0.9009688679024191
2019-08-24,1.11,0.04,0.24,40.0,421.35,315.39,7.91,81.99,1.66,30.2,28.37,1011.4,0.0,0.0,-0.8660254037844385,-0.5000000000000004,-0.9749279121818236,-0.2225209339563146
2019-08-25,1.09,0.05,0.23,45.31,399.45,308.09,5.87,82.23,1.69,25.35,29.64,1013.1,0.0,0.0,-0.8660254037844385,-0.5000000000000004,-0.7818314824680299,0.6234898018587334
2019-08-26,1.27,0.01,0.22,57.98,357.36,290.91,7.13,82.48,1.16,26.47,29.47,1010.2,0.0,0.0,-0.8660254037844385,-0.5000000000000004,0.0,1.0
2019-08-27,1.32,0.04,0.23,41.21,404.69,304.11,8.34,82.74,1.53,30.23,28.72,1008.3,0.0,0.0,-0.8660254037844385,-0.5000000000000004,0.7818314824680298,0.6234898018587336
2019-08-28,1.28,0.04,0.24,40.6,407.39,304.03,9.96,82.99,1.65,35.73,26.6,1009.6,0.0,0.0,-0.8660254037844385,-0.5000000000000004,0.9749279121818236,-0.22252093395631434
2019-08-29,1.29,0.04,0.24,41.76,407.3,305.34,9.52,83.25,1.62,32.9,28.5,1011.6,0.0,0.0,-0.8660254037844385,-0.5000000000000004,0.43388373911755823,-0.900968867902419
2019-08-30,1.28,0.05,0.24,40.13,414.83,307.73,11.87,83.51,1.73,38.16,29.21,1011.0,0.0,0.0,-0.8660254037844385,-0.5000000000000004,-0.433883739117558,-0.9009688679024191
2019-08-31,1.2,0.03,0.24,39.38,423.08,310.17,7.55,83.77,1.58,29.35,29.72,1009.9,0.0,0.0,-0.8660254037844385,-0.5000000000000004,-0.9749279121818236,-0.2225209339563146
2019-09-01,1.18,0.03,0.23,49.41,375.56,292.82,7.14,84.03,1.56,25.25,30.62,1010.1,0.0,0.0,-1.0,-1.8369701987210297e-16,-0.7818314824680299,0.6234898018587334
2019-09-02,1.23,0.03,0.2,61.51,308.0,262.84,9.88,84.3,1.64,29.67,30.34,1012.4,0.06,2.0,-1.0,-1.8369701987210297e-16,0.0,1.0
2019-09-03,1.36,0.04,0.22,44.93,373.76,285.64,13.57,84.56,1.63,36.55,30.76,1011.3,0.0,2.0,-1.0,-1.8369701987210297e-16,0.7818314824680298,0.6234898018587336
2019-09-04,1.4,0.04,0.22,48.4,363.22,283.84,12.81,84.83,1.62,33.51,32.16,1009.4,0.0,1.0,-1.0,-1.8369701987210297e-16,0.9749279121818236,-0.22252093395631434
2019-09-05,1.38,0.03,0.17,102.0,191.19,224.28,12.66,85.1,1.74,33.53,31.28,1011.9,0.01,2.0,-1.0,-1.8369701987210297e-16,0.43388373911755823,-0.900968867902419
2019-09-06,1.38,0.04,0.23,40.58,396.76,290.75,11.61,85.37,1.65,35.4,29.55,1013.9,0.0,0.0,-1.0,-1.8369701987210297e-16,-0.433883739117558,-0.9009688679024191
2019-09-07,1.21,0.07,0.23,39.55,402.92,291.5,13.37,85.64,2.22,46.29,27.32,1011.4,0.0,0.0,-1.0,-1.8369701987210297e-16,-0.9749279121818236,-0.2225209339563146
2019-09-08,1.04,0.05,0.23,54.49,357.6,280.1,9.9,85.92,2.05,51.66,23.32,1007.5,0.0,0.0,-1.0,-1.8369701987210297e-16,-0.7818314824680299,0.6234898018587334
2019-09-09,1.17,0.05,0.24,47.39,392.61,290.23,11.2,86.19,1.71,54.79,22.84,1008.2,0.0,0.0,-1.0,-1.8369701987210297e-16,0.0,1.0
2019-09-10,1.15,0.06,0.19,72.15,266.69,230.62,14.01,86.47,2.05,68.64,20.92,1007.1,0.0,0.0,-1.0,-1.8369701987210297e-16,0.7818314824680298,0.6234898018587336
2019-09-11,1.17,0.01,0.23,47.12,361.97,281.61,10.93,86.75,1.14,52.28,23.62,1010.9,0.0,0.0,-1.0,-1.8369701987210297e-16,0.9749279121818236,-0.22252093395631434
2019-09-12,1.23,0.01,0.23,38.22,411.14,291.95,3.16,87.03,1.24,22.95,28.26,1015.1,0.0,0.0,-1.0,-1.8369701987210297e-16,0.43388373911755823,-0.900968867902419
2019-09-13,1.28,0.01,0.23,39.35,405.32,288.53,2.2,87.31,1.21,17.81,30.65,1014.1,0.0,0.0,-1.0,-1.8369701987210297e-16,-0.433883739117558,-0.9009688679024191
2019-09-14,1.21,0.02,0.22,46.97,381.62,281.95,1.76,87.59,1.35,17.51,30.81,1012.6,0.0,0.0,-1.0,-1.8369701987210297e-16,-0.9749279121818236,-0.2225209339563146
2019-09-15,1.14,0.04,0.19,78.12,210.58,231.66,4.17,87.87,1.74,24.92,27.59,1010.6,0.0,0.0,-1.0,-1.8369701987210297e-16,-0.7818314824680299,0.6234898018587334
2019-09-16,1.18,0.05,0.16,75.77,197.06,199.68,5.68,88.15,2.02,35.77,24.4,1009.2,0.0,0.0,-1.0,-1.8369701987210297e-16,0.0,1.0
2019-09-17,1.18,0.02,0.24,37.65,407.9,284.76,5.81,88.43,1.49,42.51,22.64,1010.6,0.0,0.0,-1.0,-1.8369701987210297e-16,0.7818314824680298,0.6234898018587336
2019-09-18,1.15,0.04,0.24,37.3,403.74,280.54,8.98,88.71,1.59,48.64,22.67,1011.0,0.0,0.0,-1.0,-1.8369701987210297e-16,0.9749279121818236,-0.22252093395631434
2019-09-19,1.13,0.07,0.24,40.83,377.77,273.59,13.11,89.0,2.37,67.02,20.63,1008.3,0.0,0.0,-1.0,-1.8369701987210297e-16,0.43388373911755823,-0.900968867902419
2019-09-20,1.13,0.01,0.23,39.36,389.75,275.41,7.42,89.28,1.1,48.82,22.33,1010.1,0.0,0.0,-1.0,-1.8369701987210297e-16,-0.433883739117558,-0.9009688679024191
2019-09-21,1.08,0.0,0.22,36.6,398.1,274.35,2.99,89.57,0.86,27.66,25.44,1012.4,0.0,0.0,-1.0,-1.8369701987210297e-16,-0.9749279121818236,-0.2225209339563146
2019-09-22,1.08,0.02,0.19,88.18,237.63,222.91,2.66,89.85,1.62,24.57,25.54,1013.3,0.0,0.0,-1.0,-1.8369701987210297e-16,-0.7818314824680299,0.6234898018587334
2019-09-23,1.17,0.03,0.23,35.38,393.75,268.21,5.83,90.13,1.64,34.15,23.73,1011.9,0.0,0.0,-1.0,-1.8369701987210297e-16,0.0,1.0
2019-09-24,1.24,0.06,0.22,37.47,379.53,261.42,5.93,90.42,2.02,30.02,26.91,1013.0,99.99,2.0,-1.0,-1.8369701987210297e-16,0.7818314824680298,0.6234898018587336
2019-09-25,1.21,0.01,0.19,69.28,256.17,222.87,10.99,90.71,1.35,42.78,26.31,1010.6,0.0,0.0,-1.0,-1.8369701987210297e-16,0.9749279121818236,-0.22252093395631434
2019-09-26,1.16,0.02,0.07,81.48,20.6,92.09,16.17,90.99,2.01,73.59,21.48,1012.5,0.0,1.0,-1.0,-1.8369701987210297e-16,0.43388373911755823,-0.900968867902419
2019-09-27,1.11,0.06,0.04,49.97,33.48,57.66,16.04,91.27,2.51,74.08,21.46,1010.3,0.0,0.0,-1.0,-1.8369701987210297e-16,-0.433883739117558,-0.9009688679024191
2019-09-28,0.97,0.12,0.07,60.4,85.85,89.82,14.62,91.56,3.25,75.47,19.45,1004.6,0.0,0.0,-1.0,-1.8369701987210297e-16,-0.9749279121818236,-0.2225209339563146
2019-09-29,0.91,0.05,0.21,54.98,318.0,231.53,5.82,91.84,2.05,54.43,17.1,1006.1,0.0,0.0,-1.0,-1.8369701987210297e-16,-0.7818314824680299,0.6234898018587334
2019-09-30,1.0,0.04,0.24,34.22,395.96,261.02,5.25,92.13,1.7,56.75,16.62,1009.5,0.0,0.0,-1.0,-1.8369701987210297e-16,0.0,1.0
2019-10-01,0.99,0.03,0.24,35.05,392.94,259.85,4.52,92.41,1.55,53.23,17.12,1009.2,0.0,0.0,-0.8660254037844386,0.5000000000000001,0.7818314824680298,0.6234898018587336
2019-10-02,1.01,0.01,0.23,32.33,408.13,261.91,-0.22,92.7,1.47,31.25,20.28,1014.0,0.0,0.0,-0.8660254037844386,0.5000000000000001,0.9749279121818236,-0.22252093395631434
2019-10-03,1.03,0.04,0.23,31.92,402.72,257.4,4.21,92.98,1.52,39.51,20.33,1013.2,0.0,0.0,-0.8660254037844386,0.5000000000000001,0.43388373911755823,-0.900968867902419
2019-10-04,1.01,0.01,0.23,32.99,402.76,257.87,-0.22,93.26,1.53,32.14,20.43,1013.1,0.0,0.0,-0.8660254037844386,0.5000000000000001,-0.433883739117558,-0.9009688679024191
2019-10-05,0.95,0.02,0.23,32.8,399.45,254.97,-3.18,93.54,1.43,19.08,23.66,1016.5,0.0,0.0,-0.8660254037844386,0.5000000000000001,-0.9749279121818236,-0.2225209339563146
2019-10-06,0.95,0.01,0.22,32.67,392.9,250.27,-1.99,93.82,1.23,20.12,25.29,1017.0,0.0,0.0,-0.8660254037844386,0.5000000000000001,-0.7818314824680299,0.6234898018587334
2019-10-07,1.09,0.02,0.22,34.15,381.26,245.32,-1.38,94.1,1.36,19.69,25.56,1015.9,0.0,0.0,-0.8660254037844386,0.5000000000000001,0.0,1.0
2019-10-08,1.07,0.02,0.22,34.25,379.85,242.7,-1.13,94.38,1.41,23.14,23.7,1010.9,0.0,0.0,-0.8660254037844386,0.5000000000000001,0.7818314824680298,0.6234898018587336
2019-10-09,1.02,0.04,0.22,36.69,361.38,236.28,6.62,94.65,1.86,50.69,18.76,1006.7,0.0,0.0,-0.8660254037844386,0.5000000000000001,0.9749279121818236,-0.22252093395631434
2019-10-10,1.01,0.2,0.23,39.98,373.23,243.72,-10.59,94.93,3.72,22.14,18.14,1012.3,0.0,0.0,-0.8660254037844386,0.5000000000000001,0.43388373911755823,-0.900968867902419
2019-10-11,1.02,0.11,0.23,32.73,395.66,245.9,-14.67,95.2,2.73,9.95,20.23,1019.0,0.0,0.0,-0.8660254037844386,0.5000000000000001,-0.433883739117558,-0.9009688679024191
2019-10-12,0.92,0.01,0.22,32.65,378.48,238.15,-5.33,95.48,1.19,22.84,21.56,1014.6,0.0,0.0,-0.8660254037844386,0.5000000000000001,-0.9749279121818236,-0.2225209339563146
2019-10-13,0.87,0.03,0.22,33.92,366.7,231.03,6.13,95.75,1.56,48.19,19.68,1011.7,0.0,0.0,-0.8660254037844386,0.5000000000000001,-0.7818314824680299,0.6234898018587334
2019-10-14,0.96,0.01,0.21,39.11,328.52,220.94,6.33,96.02,1.09,51.93,18.91,1011.3,0.0,0.0,-0.8660254037844386,0.5000000000000001,0.0,1.0
2019-10-15,1.01,0.01,0.21,31.22,368.51,226.57,1.6,96.28,1.15,27.01,23.49,1016.0,0.0,0.0,-0.8660254037844386,0.5000000000000001,0.7818314824680298,0.6234898018587336
2019-10-16,1.04,0.02,0.17,65.56,221.51,185.26,4.24,96.55,1.58,29.21,24.48,1015.1,0.0,0.0,-0.8660254037844386,0.5000000000000001,0.9749279121818236,-0.22252093395631434
2019-10-17,0.98,0.06,0.21,33.28,351.38,218.66,9.28,96.82,2.15,56.15,19.19,1007.4,0.0,0.0,-0.8660254037844386,0.5000000000000001,0.43388373911755823,-0.900968867902419
2019-10-18,0.97,0.02,0.21,29.71,371.57,222.02,0.75,97.08,1.44,39.15,19.41,1010.0,0.0,1.0,-0.8660254037844386,0.5000000000000001,-0.433883739117558,-0.9009688679024191
2019-10-19,0.9,0.02,0.2,36.02,339.8,210.98,4.48,97.34,1.2,40.94,20.6,1012.9,0.0,0.0,-0.8660254037844386,0.5000000000000001,-0.9749279121818236,-0.2225209339563146
2019-10-20,0.88,0.05,0.21,29.42,359.36,214.49,1.74,97.59,2.1,35.41,21.27,1012.8,0.0,0.0,-0.8660254037844386,0.5000000000000001,-0.7818314824680299,0.6234898018587334
2019-10-21,1.06,0.04,0.21,27.29,362.31,212.82,0.65,97.85,2.01,23.33,23.57,1018.1,0.0,0.0,-0.8660254037844386,0.5000000000000001,0.0,1.0
2019-10-22,1.11,0.02,0.2,28.59,366.95,214.72,-0.52,98.11,1.63,20.45,25.76,1020.8,0.0,0.0,-0.8660254037844386,0.5000000000000001,0.7818314824680298,0.6234898018587336
2019-10-23,1.1,0.01,0.2,29.01,353.93,210.38,-2.86,98.36,1.27,16.7,25.52,1015.9,0.0,0.0,-0.8660254037844386,0.5000000000000001,0.9749279121818236,-0.22252093395631434
2019-10-24,1.09,0.19,0.21,30.65,363.22,212.57,-9.0,98.61,3.74,11.68,23.86,1017.9,0.0,0.0,-0.8660254037844386,0.5000000000000001,0.43388373911755823,-0.900968867902419
2019-10-25,1.06,0.03,0.2,27.61,364.62,208.61,-5.92,98.85,1.74,13.84,24.7,1021.7,0.0,0.0,-0.8660254037844386,0.5000000000000001,-0.433883739117558,-0.9009688679024191
2019-10-26,0.95,0.03,0.21,29.0,361.83,207.86,0.94,99.1,1.72,29.09,23.34,1013.1,0.0,0.0,-0.8660254037844386,0.5000000000000001,-0.9749279121818236,-0.2225209339563146
2019-10-27,0.84,0.07,0.2,40.24,301.06,195.95,8.89,99.34,2.57,63.02,17.07,1005.4,0.0,0.0,-0.8660254037844386,0.5000000000000001,-0.7818314824680299,0.6234898018587334
2019-10-28,0.94,0.09,0.22,27.7,374.33,210.33,-12.31,99.58,2.31,18.45,16.26,1016.9,0.0,0.0,-0.8660254037844386,0.5000000000000001,0.0,1.0
2019-10-29,0.95,0.05,0.2,32.31,329.54,194.68,2.65,99.81,2.2,47.97,15.29,1013.3,0.0,0.0,-0.8660254037844386,0.5000000000000001,0.7818314824680298,0.6234898018587336
2019-10-30,0.94,0.39,0.23,29.13,378.55,210.81,-20.87,100.05,5.52,8.45,12.92,1023.2,0.0,0.0,-0.8660254037844386,0.5000000000000001,0.9749279121818236,-0.22252093395631434
2019-10-31,0.94,0.07,0.22,28.42,374.01,208.77,-22.33,100.28,2.47,6.98,15.23,1027.1,0.0,0.0,-0.8660254037844386,0.5000000000000001,0.43388373911755823,-0.900968867902419
2019-11-01,0.92,0.01,0.2,28.95,348.43,201.72,-19.8,100.5,1.47,7.88,17.26,1023.4,0.0,0.0,-0.5000000000000004,0.8660254037844384,-0.433883739117558,-0.9009688679024191
2019-11-02,0.86,0.01,0.14,54.47,180.4,149.09,-9.63,100.73,1.37,18.13,19.88,1022.2,0.0,0.0,-0.5000000000000004,0.8660254037844384,-0.9749279121818236,-0.2225209339563146
2019-11-03,0.81,0.0,0.19,28.88,328.66,187.35,2.84,100.95,0.92,32.53,21.42,1017.0,0.0,0.0,-0.5000000000000004,0.8660254037844384,-0.7818314824680299,0.6234898018587334
2019-11-04,0.93,0.0,0.19,27.73,350.46,191.95,-5.58,101.17,0.93,17.91,21.76,1015.5,0.0,0.0,-0.5000000000000004,0.8660254037844384,0.0,1.0
2019-11-05,0.95,0.0,0.19,27.7,340.2,186.22,-1.89,101.38,0.99,21.14,22.36,1017.3,0.0,0.0,-0.5000000000000004,0.8660254037844384,0.7818314824680298,0.6234898018587336
2019-11-06,0.95,0.01,0.19,28.32,332.87,183.36,1.78,101.59,1.06,30.14,21.58,1015.6,0.0,0.0,-0.5000000000000004,0.8660254037844384,0.9749279121818236,-0.22252093395631434
2019-11-07,0.96,0.0,0.18,28.1,326.04,179.66,-1.68,101.8,1.1,23.13,21.91,1018.1,0.0,0.0,-0.5000000000000004,0.8660254037844384,0.43388373911755823,-0.900968867902419
2019-11-08,0.96,0.02,0.19,26.73,336.64,182.78,-6.03,102.0,1.75,15.76,22.35,1021.7,0.0,0.0,-0.5000000000000004,0.8660254037844384,-0.433883739117558,-0.9009688679024191
2019-11-09,0.89,0.01,0.19,27.44,331.97,180.26,-4.68,102.2,1.33,17.52,22.69,1019.5,0.0,0.0,-0.5000000000000004,0.8660254037844384,-0.9749279121818236,-0.2225209339563146
2019-11-10,0.83,0.0,0.19,29.2,331.81,179.61,-2.96,102.4,1.06,21.33,21.46,1016.6,0.0,0.0,-0.5000000000000004,0.8660254037844384,-0.7818314824680299,0.6234898018587334
2019-11-11,0.88,0.0,0.18,31.01,303.19,171.22,-2.99,102.59,0.95,22.5,21.17,1016.5,0.0,0.0,-0.5000000000000004,0.8660254037844384,0.0,1.0
2019-11-12,0.92,0.01,0.18,26.99,324.24,173.09,-0.95,102.78,1.05,23.73,22.34,1018.9,0.0,0.0,-0.5000000000000004,0.8660254037844384,0.7818314824680298,0.6234898018587336
2019-11-13,0.91,0.01,0.16,45.31,249.81,154.02,-6.2,102.96,0.99,18.84,20.37,1016.6,0.0,0.0,-0.5000000000000004,0.8660254037844384,0.9749279121818236,-0.22252093395631434
2019-11-14,0.9,0.01,0.16,41.58,252.03,152.63,-1.51,103.14,1.12,27.77,18.95,1017.0,0.0,0.0,-0.5000000000000004,0.8660254037844384,0.43388373911755823,-0.900968867902419
2019-11-15,0.88,0.0,0.13,55.31,152.98,127.14,2.04,103.32,0.87,37.04,17.63,1018.0,0.0,0.0,-0.5000000000000004,0.8660254037844384,-0.433883739117558,-0.9009688679024191
2019-11-16,0.83,0.03,0.18,25.21,319.25,166.6,-1.7,103.49,1.7,24.61,20.61,1017.4,0.0,0.0,-0.5000000000000004,0.8660254037844384,-0.9749279121818236,-0.2225209339563146
2019-11-17,0.85,0.05,0.19,24.02,340.5,171.16,-4.29,103.66,2.37,18.66,21.67,1018.6,0.0,0.0,-0.5000000000000004,0.8660254037844384,-0.7818314824680299,0.6234898018587334
2019-11-18,0.97,0.01,0.17,28.82,293.71,162.53,-3.16,103.83,1.29,19.84,22.87,1016.6,0.0,0.0,-0.5000000000000004,0.8660254037844384,0.0,1.0
2019-11-19,0.95,0.07,0.1,63.06,88.94,104.47,8.49,103.99,2.5,56.18,18.45,1009.1,0.0,0.0,-0.5000000000000004,0.8660254037844384,0.7818314824680298,0.6234898018587336
2019-11-20,0.94,0.12,0.03,32.33,13.77,37.13,8.28,104.14,2.81,81.3,11.46,999.8,0.13,2.0,-0.5000000000000004,0.8660254037844384,0.9749279121818236,-0.22252093395631434
2019-11-21,0.93,0.01,0.17,39.41,251.55,146.7,7.51,104.29,1.11,77.46,11.73,1009.4,0.0,1.0,-0.5000000000000004,0.8660254037844384,0.43388373911755823,-0.900968867902419
2019-11-22,0.92,0.01,0.18,28.15,299.95,156.74,5.57,104.44,1.17,63.67,13.36,1020.3,0.0,0.0,-0.5000000000000004,0.8660254037844384,-0.433883739117558,-0.9009688679024191
2019-11-23,0.84,0.04,0.18,24.75,314.96,159.52,2.04,104.58,2.02,45.4,14.69,1023.4,0.0,0.0,-0.5000000000000004,0.8660254037844384,-0.9749279121818236,-0.2225209339563146
2019-11-24,0.8,0.01,0.17,28.3,295.52,155.04,-0.74,104.72,1.21,35.93,15.87,1021.8,0.0,0.0,-0.5000000000000004,0.8660254037844384,-0.7818314824680299,0.6234898018587334
2019-11-25,0.91,0.08,0.19,26.01,313.94,158.34,4.13,104.85,2.2,57.99,13.38,1012.8,0.0,1.0,-0.5000000000000004,0.8660254037844384,0.0,1.0
2019-11-26,0.93,0.03,0.16,34.11,253.59,144.64,-7.51,104.98,1.78,32.56,10.65,1013.7,0.02,1.0,-0.5000000000000004,0.8660254037844384,0.7818314824680298,0.6234898018587336
2019-11-27,0.94,0.15,0.02,21.26,23.36,25.28,5.49,105.11,3.13,78.7,9.09,1005.9,0.0,0.0,-0.5000000000000004,0.8660254037844384,0.9749279121818236,-0.22252093395631434
2019-11-28,0.86,0.06,0.01,16.88,0.55,17.07,5.07,105.22,2.43,86.17,7.25,1003.4,99.99,1.0,-0.5000000000000004,0.8660254037844384,0.43388373911755823,-0.900968867902419
2019-11-29,0.84,0.07,0.15,32.91,221.07,125.92,3.02,105.34,2.3,77.49,6.99,1007.18,79.99,0.8,-0.5000000000000004,0.8660254037844384,-0.433883739117558,-0.9009688679024191
2019-11-30,0.84,0.01,0.11,57.45,117.45,102.9,2.66,105.45,1.19,68.96,8.41,1010.96,59.99,0.6,-0.5000000000000004,0.8660254037844384,-0.9749279121818236,-0.2225209339563146
2019-12-01,0.82,0.01,0.1,64.13,81.88,95.83,-0.09,105.55,1.25,48.17,10.97,1014.74,40.0,0.4,-2.4492935982947064e-16,1.0,-0.7818314824680299,0.6234898018587334
2019-12-02,0.92,0.0,0.13,46.99,176.29,121.25,1.41,105.65,1.02,41.48,14.8,1018.52,20.0,0.2,-2.4492935982947064e-16,1.0,0.0,1.0
2019-12-03,0.94,0.0,0.07,62.01,30.57,74.64,3.95,105.75,1.15,49.72,14.42,1022.3,0.0,0.0,-2.4492935982947064e-16,1.0,0.7818314824680298,0.6234898018587336
2019-12-04,0.95,0.03,0.03,23.16,33.31,29.5,9.46,105.84,1.9,83.18,12.35,9999.9,0.39,1.0,-2.4492935982947064e-16,1.0,0.9749279121818236,-0.22252093395631434
2019-12-05,0.93,0.0,0.14,37.21,205.58,128.51,8.51,105.93,0.79,75.38,13.13,1019.9,0.0,0.0,-2.4492935982947064e-16,1.0,0.43388373911755823,-0.900968867902419
2019-12-06,0.93,0.01,0.1,45.32,122.07,92.95,8.48,106.01,1.46,70.67,14.04,1023.0,0.0,0.0,-2.4492935982947064e-16,1.0,-0.433883739117558,-0.9009688679024191
2019-12-07,0.85,0.01,0.04,41.19,14.21,45.85,12.18,106.08,1.45,87.03,14.34,1021.3,0.01,1.0,-2.4492935982947064e-16,1.0,-0.9749279121818236,-0.2225209339563146
2019-12-08,0.81,0.03,0.05,43.75,37.43,57.17,11.42,106.15,2.02,89.55,13.13,1016.4,0.0,4.0,-2.4492935982947064e-16,1.0,-0.7818314824680299,0.6234898018587334
2019-12-09,0.92,0.01,0.18,22.41,313.34,147.29,5.55,106.22,1.46,65.21,13.05,1016.9,0.25,2.0,-2.4492935982947064e-16,1.0,0.0,1.0
2019-12-10,0.94,0.01,0.12,53.26,142.35,106.31,1.11,106.28,1.08,46.75,12.82,1023.2,0.0,0.0,-2.4492935982947064e-16,1.0,0.7818314824680298,0.6234898018587336
2019-12-11,0.94,0.01,0.14,40.05,198.78,120.09,2.75,106.34,1.04,48.01,14.13,1023.7,0.0,0.0,-2.4492935982947064e-16,1.0,0.9749279121818236,-0.22252093395631434
2019-12-12,0.93,0.01,0.13,45.42,174.43,113.45,8.46,106.39,1.05,61.91,16.36,1024.0,0.0,0.0,-2.4492935982947064e-16,1.0,0.43388373911755823,-0.900968867902419
2019-12-13,0.92,0.01,0.17,22.4,295.48,139.3,11.44,106.43,1.31,76.76,16.29,1022.0,0.0,0.0,-2.4492935982947064e-16,1.0,-0.433883739117558,-0.9009688679024191
2019-12-14,0.86,0.03,0.03,22.94,46.97,30.75,10.12,106.47,1.72,82.89,13.44,1010.0,0.0,0.0,-2.4492935982947064e-16,1.0,-0.9749279121818236,-0.2225209339563146
2019-12-15,0.82,0.04,0.18,21.36,323.41,148.05,0.08,106.51,1.99,58.64,9.24,1009.7,0.0,0.0,-2.4492935982947064e-16,1.0,-0.7818314824680299,0.6234898018587334
2019-12-16,0.93,0.1,0.18,23.51,302.05,145.26,-6.64,106.54,3.0,35.74,9.05,9999.9,0.0,0.0,-2.4492935982947064e-16,1.0,0.0,1.0
2019-12-17,0.95,0.16,0.14,39.82,189.75,120.44,-9.88,106.56,3.65,27.25,8.82,1031.7,0.0,0.0,-2.4492935982947064e-16,1.0,0.7818314824680298,0.6234898018587336
2019-12-18,0.96,0.01,0.09,45.81,102.36,88.6,-6.75,106.58,1.36,34.57,8.95,1022.9,0.0,0.0,-2.4492935982947064e-16,1.0,0.9749279121818236,-0.22252093395631434
2019-12-19,0.95,0.01,0.18,22.2,311.11,144.73,-4.88,106.6,1.57,37.43,10.05,1020.9,0.0,0.0,-2.4492935982947064e-16,1.0,0.43388373911755823,-0.900968867902419
2019-12-20,0.95,0.02,0.14,36.19,225.4,125.43,-2.89,106.61,1.74,36.18,12.73,1026.7,0.0,0.0,-2.4492935982947064e-16,1.0,-0.433883739117558,-0.9009688679024191
2019-12-21,0.87,0.01,0.12,52.18,135.28,106.66,-1.55,106.61,1.76,37.48,13.34,1025.4,0.0,0.0,-2.4492935982947064e-16,1.0,-0.9749279121818236,-0.2225209339563146
2019-12-22,0.83,0.08,0.08,54.44,57.77,81.87,6.23,106.61,2.49,64.79,13.28,1017.7,0.0,0.0,-2.4492935982947064e-16,1.0,-0.7818314824680299,0.6234898018587334
2019-12-23,0.93,0.02,0.02,24.53,0.28,24.68,9.02,106.6,1.78,85.77,11.38,1012.3,0.23,1.0,-2.4492935982947064e-16,1.0,0.0,1.0
2019-12-24,0.89,0.03,0.16,29.36,254.3,134.56,5.41,106.59,1.66,74.73,10.21,1011.0,0.0,0.0,-2.4492935982947064e-16,1.0,0.7818314824680298,0.6234898018587336
2019-12-25,0.83,0.05,0.08,45.17,86.53,72.74,5.02,106.57,2.39,79.39,8.61,1011.7,0.0,0.0,-2.4492935982947064e-16,1.0,0.9749279121818236,-0.22252093395631434
2019-12-26,0.92,0.08,0.04,34.62,37.15,42.9,3.03,106.55,2.56,82.68,5.82,1011.7,1.35,3.0,-2.4492935982947064e-16,1.0,0.43388373911755823,-0.900968867902419
2019-12-27,0.91,0.01,0.18,24.36,303.86,143.93,0.27,106.53,1.3,64.89,6.99,1013.6,0.17,3.0,-2.4492935982947064e-16,1.0,-0.433883739117558,-0.9009688679024191
2019-12-28,0.85,0.02,0.18,22.72,317.58,147.05,-3.52,106.49,1.72,52.35,6.21,1017.9,0.0,0.0,-2.4492935982947064e-16,1.0,-0.9749279121818236,-0.2225209339563146
2019-12-29,0.81,0.01,0.11,48.36,124.44,104.15,-0.92,106.46,1.32,56.17,7.51,5508.9,0.0,0.0,-2.4492935982947064e-16,1.0,-0.7818314824680299,0.6234898018587334
2019-12-30,0.89,0.08,0.1,46.85,102.32,90.7,0.87,106.42,2.83,60.62,8.23,9999.9,0.0,0.0,-2.4492935982947064e-16,1.0,0.0,1.0
2019-12-31,0.8,0.15,0.0,0.0,0.0,0.0,0.2,168.98,3.8,56.34,8.4,1019.9,0.0,1.0,-2.4492935982947064e-16,1.0,0.7818314824680298,0.6234898018587336
