STATION,DATE,LATITUDE,LONGITUDE,ELEVATION,NAME,TEMP,TEMP_ATTRIBUTES,DEWP,DEWP_ATTRIBUTES,SLP,SLP_ATTRIBUTES,STP,STP_ATTRIBUTES,VISIB,VISIB_ATTRIBUTES,WDSP,WDSP_ATTRIBUTES,MXSPD,GUST,MAX,MAX_ATTRIBUTES,MIN,MIN_ATTRIBUTES,PRCP,PRCP_ATTRIBUTES,SNDP,FRSHTT
69015093121,2019-1-1,34.294,-116.14722,610.5,"TWENTYNINE PALMS MC, CA US",39.3,24,4.8,24,1020,24,939.8,23,10,24,9.8,24,18.1,22,50, ,30.9, ,0,I,999.9,000000
69015093121,2019-1-2,34.294,-116.14722,610.5,"TWENTYNINE PALMS MC, CA US",39.3,24,0.1,24,1024.3,24,943.4,24,10,24,9.5,24,13,18.1,51.1, ,28.9, ,0,I,999.9,000000
69015093121,2019-1-3,34.294,-116.14722,610.5,"TWENTYNINE PALMS MC, CA US",38.7,23,5.2,23,1026,22,945,23,10,23,3.8,23,9.9,999.9,57, ,26.1, ,0,I,999.9,000000
69015093121,2019-1-4,34.294,-116.14722,610.5,"TWENTYNINE PALMS MC, CA US",39,23,13.2,23,1021.9,23,941.2,22,10,23,2.9,23,7,999.9,57, ,26.1, ,0,I,999.9,000000
69015093121,2019-1-5,34.294,-116.14722,610.5,"TWENTYNINE PALMS MC, CA US",42.5,24,16.3,24,1016.7,24,936.6,24,10,24,4.3,24,13,999.9,55, ,27, ,0,I,999.9,000000
69015093121,2019-1-6,34.294,-116.14722,610.5,"TWENTYNINE PALMS MC, CA US",46.7,24,37.7,24,1016.2,23,936.4,24,9.9,24,4.9,24,9.9,999.9,59, ,33.1, ,0.05,G,999.9,010000
69015093121,2019-1-7,34.294,-116.14722,610.5,"TWENTYNINE PALMS MC, CA US",46.8,24,36.4,24,1021.8,24,941.7,24,10,24,5.8,24,13,999.9,59, ,37, ,0,G,999.9,000000
69015093121,2019-1-8,34.294,-116.14722,610.5,"TWENTYNINE PALMS MC, CA US",45.6,24,37.7,24,1024.6,24,944.2,24,10,24,3.6,24,8,999.9,60.1, ,35.1, ,0,I,999.9,000000
69015093121,2019-1-9,34.294,-116.14722,610.5,"TWENTYNINE PALMS MC, CA US",48.4,24,37.5,24,1021.7,24,941.6,24,10,24,3.4,24,8.9,999.9,63, ,35.1, ,0,I,999.9,000000
69015093121,2019-1-10,34.294,-116.14722,610.5,"TWENTYNINE PALMS MC, CA US",50.4,24,35.9,24,1020.1,24,940.6,20,10,24,5,24,8.9,999.9,66, ,36, ,0,I,999.9,000000
69015093121,2019-1-11,34.294,-116.14722,610.5,"TWENTYNINE PALMS MC, CA US",48.7,24,32.2,24,1020.2,24,940.4,24,10,24,5,24,12,999.9,66, ,36, ,0,I,999.9,000000
69015093121,2019-1-12,34.294,-116.14722,610.5,"TWENTYNINE PALMS MC, CA US",48.5,24,37.6,24,1017.7,24,938.1,24,9.8,24,3.8,24,7,999.9,63, ,36, ,0.11,B,999.9,010000
69015093121,2019-1-13,34.294,-116.14722,610.5,"TWENTYNINE PALMS MC, CA US",46.6,24,39.1,24,1019.8,21,939.7,24,9.5,24,4.2,24,11.1,999.9,57, ,37, ,0,A,999.9,000000
69015093121,2019-1-14,34.294,-116.14722,610.5,"TWENTYNINE PALMS MC, CA US",45.7,24,39.4,24,1019.8,24,939.8,24,8.9,24,3.5,24,9.9,999.9,57, ,37, ,0.2,A,999.9,010000
69015093121,2019-1-15,34.294,-116.14722,610.5,"TWENTYNINE PALMS MC, CA US",48,24,45.4,24,1017.1,17,937.5,24,6.3,24,4.7,24,11.1,999.9,54, ,39, ,0.2,D,999.9,010000
69015093121,2019-1-16,34.294,-116.14722,610.5,"TWENTYNINE PALMS MC, CA US",50.7,19,43.9,19,1019.7,17,940,19,8.4,19,7.4,18,11.1,999.9,61, ,46, ,0,I,999.9,000000
69015093121,2019-1-17,34.294,-116.14722,610.5,"TWENTYNINE PALMS MC, CA US",55.5,24,48.2,24,1020.4,24,940.9,24,8.1,24,8.5,24,17.1,24.1,63, ,46.9, ,0.01,B,999.9,010000
69015093121,2019-1-18,34.294,-116.14722,610.5,"TWENTYNINE PALMS MC, CA US",55.9,24,42.7,24,1021.3,24,941.8,24,8.4,24,9.4,24,21,999.9,64.9, ,48.9, ,0,I,999.9,000000
69015093121,2019-1-19,34.294,-116.14722,610.5,"TWENTYNINE PALMS MC, CA US",52.2,24,38.1,24,1027.6,24,947.5,24,8.1,24,3.8,24,8.9,999.9,66, ,39.9, ,0,I,999.9,000000
69015093121,2019-1-20,34.294,-116.14722,610.5,"TWENTYNINE PALMS MC, CA US",52,23,39.6,23,1022,23,942.3,23,8.3,23,3,23,8.9,999.9,66, ,39.9, ,0,I,999.9,000000
69015093121,2019-1-21,34.294,-116.14722,610.5,"TWENTYNINE PALMS MC, CA US",51.4,24,33.1,24,1013.4,21,934.2,24,6.8,24,16.7,24,35,47,64.9, ,42.1, ,0,H,999.9,010000
69015093121,2019-1-22,34.294,-116.14722,610.5,"TWENTYNINE PALMS MC, CA US",47.6,24,18.1,24,1022.7,24,942.7,24,8.8,24,17.2,24,29.9,38.1,55.9, ,42.1, ,0,I,999.9,000000
69015093121,2019-1-23,34.294,-116.14722,610.5,"TWENTYNINE PALMS MC, CA US",46.5,24,11.5,24,1029,24,948.3,24,8.3,24,6,24,14,999.9,62.1, ,35.1, ,0,I,999.9,000000
69015093121,2019-1-24,34.294,-116.14722,610.5,"TWENTYNINE PALMS MC, CA US",51.5,24,20.2,24,1024.5,24,944.3,24,8.4,24,5.8,24,12,999.9,64.9, ,35.1, ,0,I,999.9,000000
69015093121,2019-1-25,34.294,-116.14722,610.5,"TWENTYNINE PALMS MC, CA US",51,24,24.3,24,1024.3,24,944.2,24,8,24,7.2,24,12,999.9,64.9, ,37, ,0,I,999.9,000000
69015093121,2019-1-26,34.294,-116.14722,610.5,"TWENTYNINE PALMS MC, CA US",54.7,24,21.2,24,1025.6,24,945.7,24,8.5,24,8.9,24,15,19,66.9, ,37, ,0,I,999.9,000000
69015093121,2019-1-27,34.294,-116.14722,610.5,"TWENTYNINE PALMS MC, CA US",54.4,24,22.8,24,1024.3,24,944.5,24,8.1,24,4.1,24,9.9,999.9,70, ,41, ,0,I,999.9,000000
69015093121,2019-1-28,34.294,-116.14722,610.5,"TWENTYNINE PALMS MC, CA US",55.7,24,29.3,24,1018,24,938.7,24,8.5,24,3.9,24,8.9,999.9,73, ,41, ,0,I,999.9,000000
69015093121,2019-1-29,34.294,-116.14722,610.5,"TWENTYNINE PALMS MC, CA US",58.1,24,29.3,24,1014.4,21,936.4,24,7.9,24,3.3,24,11.1,999.9,73, ,42.1, ,0,I,999.9,000000
69015093121,2019-1-30,34.294,-116.14722,610.5,"TWENTYNINE PALMS MC, CA US",59.7,24,32,24,1013.1,16,934.4,23,8.1,24,2.2,24,7,999.9,72, ,48, ,0,I,999.9,000000
69015093121,2019-1-31,34.294,-116.14722,610.5,"TWENTYNINE PALMS MC, CA US",53.8,24,31.4,24,1013.6,24,934.8,22,8.1,24,4.9,24,15,15.9,69.1, ,41, ,0,I,999.9,000000
69015093121,2019-2-1,34.294,-116.14722,610.5,"TWENTYNINE PALMS MC, CA US",52.6,24,41.2,24,1015.3,24,936.1,24,8.3,24,6,24,14,15.9,69.1, ,39.9, ,0.02,G,999.9,000000
69015093121,2019-2-2,34.294,-116.14722,610.5,"TWENTYNINE PALMS MC, CA US",56,24,45,24,1011.9,24,933,24,8.1,24,12.3,24,24.1,34,64.9, ,39.9, ,0,G,999.9,000000
69015093121,2019-2-3,34.294,-116.14722,610.5,"TWENTYNINE PALMS MC, CA US",50.1,24,39.4,24,1009.3,24,930.4,24,7.6,24,8.3,23,22.9,35,63, ,37.9, ,0.14,G,999.9,010000
69015093121,2019-2-4,34.294,-116.14722,610.5,"TWENTYNINE PALMS MC, CA US",52.1,23,38.6,23,1008.7,23,929.9,23,8.2,23,12.3,23,28.9,36.9,61, ,37.9, ,0,G,999.9,000000
69015093121,2019-2-5,34.294,-116.14722,610.5,"TWENTYNINE PALMS MC, CA US",51.1,24,33.6,24,1007.7,23,928.9,24,8,24,14.8,24,28,41,57.9, ,41, ,0,I,999.9,000000
69015093121,2019-2-6,34.294,-116.14722,610.5,"TWENTYNINE PALMS MC, CA US",42.4,24,20.1,24,1014.7,24,935,24,8.8,24,17.3,24,25.1,32.1,57.9, ,35.1, ,0,I,999.9,000000
69015093121,2019-2-7,34.294,-116.14722,610.5,"TWENTYNINE PALMS MC, CA US",40,24,20.2,24,1025,24,944.1,24,8.8,24,5.5,24,13,999.9,52, ,28.9, ,0,I,999.9,000000
69015093121,2019-2-8,34.294,-116.14722,610.5,"TWENTYNINE PALMS MC, CA US",40.1,24,18.4,24,1022.7,24,942,24,8.1,24,3.1,24,7,999.9,55, ,28, ,0,I,999.9,000000
69015093121,2019-2-9,34.294,-116.14722,610.5,"TWENTYNINE PALMS MC, CA US",43.7,24,22,24,1015.4,24,935.5,24,8.1,24,3.6,24,8.9,999.9,57.9, ,28, ,0,I,999.9,000000
69015093121,2019-2-10,34.294,-116.14722,610.5,"TWENTYNINE PALMS MC, CA US",44.5,24,28.9,24,1014.4,23,934.6,24,7.9,24,7,24,25.1,29.9,59, ,30, ,0,I,999.9,000000
69015093121,2019-2-11,34.294,-116.14722,610.5,"TWENTYNINE PALMS MC, CA US",42.6,24,19.2,24,1019.2,24,939,24,8.1,24,9.9,24,28.9,41,59, ,30, ,0,I,999.9,000000
69015093121,2019-2-12,34.294,-116.14722,610.5,"TWENTYNINE PALMS MC, CA US",40.6,24,12.5,24,1023.5,24,942.8,24,8.5,24,4.4,24,12,18.1,57.9, ,26.1, ,0,I,999.9,000000
69015093121,2019-2-13,34.294,-116.14722,610.5,"TWENTYNINE PALMS MC, CA US",53.3,24,14.3,24,1015.3,24,935.9,24,8.1,24,8.5,24,14,20,60.1,*,48,*,0,I,999.9,000000
69015093121,2019-2-14,34.294,-116.14722,610.5,"TWENTYNINE PALMS MC, CA US",50.2,24,38.1,24,1011.6,22,932.5,24,6.9,24,8.5,24,20,29.9,61, ,46, ,0.15,G,999.9,010000
69015093121,2019-2-15,34.294,-116.14722,610.5,"TWENTYNINE PALMS MC, CA US",49.4,24,37.8,24,1014,24,934.7,24,8.3,24,4.2,24,19,26,59, ,39.9, ,0,G,999.9,000000
69015093121,2019-2-16,34.294,-116.14722,610.5,"TWENTYNINE PALMS MC, CA US",48.6,24,30.8,24,1015.7,24,936.2,24,10,24,14.1,24,25.1,35,59, ,39.9, ,0,I,999.9,000000
69015093121,2019-2-17,34.294,-116.14722,610.5,"TWENTYNINE PALMS MC, CA US",46.3,24,24.9,24,1014.9,24,935.2,24,10,24,16.5,24,28,36.9,55.9, ,39, ,0,I,999.9,000000
69015093121,2019-2-18,34.294,-116.14722,610.5,"TWENTYNINE PALMS MC, CA US",43.3,24,22.7,24,1014.9,24,935.1,24,10,24,14.7,24,21,26,55, ,36, ,0,I,999.9,000000
69015093121,2019-2-19,34.294,-116.14722,610.5,"TWENTYNINE PALMS MC, CA US",42,24,16.8,24,1018.9,24,938.7,24,10,24,13.2,24,18.1,21,51.1, ,35.1, ,0,I,999.9,000000
69015093121,2019-2-20,34.294,-116.14722,610.5,"TWENTYNINE PALMS MC, CA US",39.7,24,22.1,24,1014.7,24,934.7,24,10,24,8.6,24,25.1,31.1,51.1, ,28.9, ,0,I,999.9,000000
69015093121,2019-2-21,34.294,-116.14722,610.5,"TWENTYNINE PALMS MC, CA US",40.8,24,32.8,24,1003.8,21,924.6,24,9.5,24,8.4,24,19,999.9,51.1, ,28.9, ,0.3,A,999.9,000000
69015093121,2019-2-22,34.294,-116.14722,610.5,"TWENTYNINE PALMS MC, CA US",40.6,24,27.2,24,1011.2,23,930.7,24,10,24,11.4,24,22,29.9,51.1, ,34, ,0.05,A,999.9,000000
69015093121,2019-2-23,34.294,-116.14722,610.5,"TWENTYNINE PALMS MC, CA US",40.7,24,20.9,24,1024.2,24,943.5,24,10,24,5,24,9.9,999.9,55.9, ,30, ,0,I,999.9,000000
69015093121,2019-2-24,34.294,-116.14722,610.5,"TWENTYNINE PALMS MC, CA US",44.7,24,27.2,24,1024.1,24,943.6,24,10,24,2.2,24,7,999.9,60.1, ,30, ,0,I,999.9,000000
69015093121,2019-2-25,34.294,-116.14722,610.5,"TWENTYNINE PALMS MC, CA US",48.4,24,30.6,24,1018.6,24,938.7,24,10,24,4,23,9.9,999.9,64.9, ,34, ,0,I,999.9,000000
69015093121,2019-2-26,34.294,-116.14722,610.5,"TWENTYNINE PALMS MC, CA US",51.6,23,33,23,1018.1,23,938.6,23,10,23,4.7,23,13,999.9,66,*,37.9,*,0,I,999.9,000000
69015093121,2019-2-27,34.294,-116.14722,610.5,"TWENTYNINE PALMS MC, CA US",56.7,24,30.8,24,1017.8,23,938.5,23,10,24,4.9,24,12,999.9,71.1, ,37, ,0,I,999.9,000000
69015093121,2019-2-28,34.294,-116.14722,610.5,"TWENTYNINE PALMS MC, CA US",58.4,24,39.7,24,1017.3,24,938.5,22,10,24,3.7,24,8,999.9,73, ,43, ,0,I,999.9,000000
69015093121,2019-3-1,34.294,-116.14722,610.5,"TWENTYNINE PALMS MC, CA US",61.8,24,39.2,24,1015.6,19,936.8,16,10,24,5.5,24,15,20,73.9, ,44.1, ,0,I,999.9,000000
69015093121,2019-3-2,34.294,-116.14722,610.5,"TWENTYNINE PALMS MC, CA US",61.4,24,41.1,24,1011.8,17,934.4,24,10,24,12.3,24,32.1,41,73.9, ,51.1, ,0,I,999.9,000000
69015093121,2019-3-3,34.294,-116.14722,610.5,"TWENTYNINE PALMS MC, CA US",58.3,24,42.3,24,1013.4,20,935.7,24,10,24,7,24,25.1,32.1,72, ,45, ,0,I,999.9,000000
69015093121,2019-3-4,34.294,-116.14722,610.5,"TWENTYNINE PALMS MC, CA US",57,24,35.5,24,1015,24,936.1,24,10,24,7.1,24,17.1,25.1,72, ,45, ,0,I,999.9,000000
69015093121,2019-3-5,34.294,-116.14722,610.5,"TWENTYNINE PALMS MC, CA US",56.1,24,35,24,1015.9,24,936.8,24,10,24,5.9,24,17.1,20,75.9, ,41, ,0,I,999.9,000000
69015093121,2019-3-6,34.294,-116.14722,610.5,"TWENTYNINE PALMS MC, CA US",62.1,24,39.6,24,1012.8,18,934.8,17,10,24,10.7,24,22,29.9,75.9, ,41, ,99.99, ,999.9,010010
69015093121,2019-3-7,34.294,-116.14722,610.5,"TWENTYNINE PALMS MC, CA US",57,24,39.1,24,1013.6,22,934.8,24,10,24,8.5,24,22,26,68, ,43, ,0,I,999.9,000000
69015093121,2019-3-8,34.294,-116.14722,610.5,"TWENTYNINE PALMS MC, CA US",51.7,24,29.3,24,1011.7,24,932.8,18,10,24,12.8,24,22,29.9,66.9, ,39, ,0,I,999.9,000000
69015093121,2019-3-9,34.294,-116.14722,610.5,"TWENTYNINE PALMS MC, CA US",47.9,24,27.6,24,1014.6,23,935.1,24,10,24,7.7,24,19,24.1,61, ,35.1, ,0,I,999.9,000000
69015093121,2019-3-10,34.294,-116.14722,610.5,"TWENTYNINE PALMS MC, CA US",49.5,23,29.9,23,1012.2,23,933,23,10,22,5.7,22,15,999.9,61, ,35.1, ,0,I,999.9,000000
69015093121,2019-3-11,34.294,-116.14722,610.5,"TWENTYNINE PALMS MC, CA US",49.7,24,30.8,24,1013.7,23,934.4,24,10,24,6.2,24,11.1,999.9,60.1, ,39.9, ,0,I,999.9,000000
69015093121,2019-3-12,34.294,-116.14722,610.5,"TWENTYNINE PALMS MC, CA US",52.3,24,42.7,24,1008.3,17,929.6,24,9.4,24,8.1,24,15.9,999.9,64, ,39.9, ,0.07,A,999.9,000000
69015093121,2019-3-13,34.294,-116.14722,610.5,"TWENTYNINE PALMS MC, CA US",53.5,24,30.5,24,1010.5,24,931.7,24,10,24,17.4,24,28.9,36.9,64, ,46, ,0,I,999.9,000000
69015093121,2019-3-14,34.294,-116.14722,610.5,"TWENTYNINE PALMS MC, CA US",49.9,24,15.1,24,1023.3,24,943.3,24,10,24,10.7,24,17.1,22,61, ,37.9, ,0,I,999.9,000000
69015093121,2019-3-15,34.294,-116.14722,610.5,"TWENTYNINE PALMS MC, CA US",52.4,24,20.1,24,1023.4,24,943.4,24,10,24,10,24,14,22,66, ,37.9, ,0,I,999.9,000000
69015093121,2019-3-16,34.294,-116.14722,610.5,"TWENTYNINE PALMS MC, CA US",58.8,24,19.8,24,1018.2,23,939.8,24,10,24,8.6,23,13,15.9,72, ,43, ,0,I,999.9,000000
69015093121,2019-3-17,34.294,-116.14722,610.5,"TWENTYNINE PALMS MC, CA US",59.6,23,29.8,23,1018.7,20,939.5,23,10,23,4.9,23,9.9,999.9,75.9, ,45, ,0,I,999.9,000000
69015093121,2019-3-18,34.294,-116.14722,610.5,"TWENTYNINE PALMS MC, CA US",61.7,24,35,24,1014.5,15,937.6,24,10,24,4.7,24,9.9,999.9,79, ,45, ,0,I,999.9,000000
69015093121,2019-3-19,34.294,-116.14722,610.5,"TWENTYNINE PALMS MC, CA US",62.7,24,34.5,24,1014.8,23,936.1,24,9.9,24,6,24,15,22.9,79, ,46.9, ,0,I,999.9,000000
69015093121,2019-3-20,34.294,-116.14722,610.5,"TWENTYNINE PALMS MC, CA US",62.5,24,31.5,24,1012.6,17,934.3,24,10,24,7.8,24,15,19,79, ,46.9, ,0,H,999.9,010000
69015093121,2019-3-21,34.294,-116.14722,610.5,"TWENTYNINE PALMS MC, CA US",52.6,24,35.4,24,1016.3,22,936.7,24,10,24,6.9,24,21,26,68, ,43, ,0.01,G,999.9,010010
69015093121,2019-3-22,34.294,-116.14722,610.5,"TWENTYNINE PALMS MC, CA US",54.3,24,33.5,24,1018.7,24,939.2,24,10,24,5.9,24,11.1,999.9,69.1, ,41, ,0,G,999.9,000000
69015093121,2019-3-23,34.294,-116.14722,610.5,"TWENTYNINE PALMS MC, CA US",60,23,32.2,23,1011.9,22,938.8,23,10,23,5.9,22,18.1,999.9,73.9, ,41, ,0,I,999.9,000000
69015093121,2019-3-24,34.294,-116.14722,610.5,"TWENTYNINE PALMS MC, CA US",59.7,24,34.4,24,1015.7,16,940.1,24,9.8,24,9.3,24,22,28,73.9, ,46.9, ,0,I,999.9,000000
69015093121,2019-3-25,34.294,-116.14722,610.5,"TWENTYNINE PALMS MC, CA US",59.5,24,28.2,24,1020,22,941.5,24,10,24,3.2,24,8,999.9,78.1, ,43, ,0,I,999.9,000000
69015093121,2019-3-26,34.294,-116.14722,610.5,"TWENTYNINE PALMS MC, CA US",62.5,24,24.5,24,1015.5,17,937.2,24,10,24,3.4,24,9.9,999.9,79, ,43, ,0,I,999.9,000000
69015093121,2019-3-27,34.294,-116.14722,610.5,"TWENTYNINE PALMS MC, CA US",62.5,24,21.8,24,1012.7,20,935.5,24,10,24,4.2,24,12,999.9,80.1, ,45, ,0,I,999.9,000000
69015093121,2019-3-28,34.294,-116.14722,610.5,"TWENTYNINE PALMS MC, CA US",62,24,35.4,24,1017.7,23,938.9,24,10,24,10.5,24,15.9,20,75.9, ,48.9, ,0,I,999.9,000000
69015093121,2019-3-29,34.294,-116.14722,610.5,"TWENTYNINE PALMS MC, CA US",60.8,24,29.5,24,1020,18,940.8,19,10,24,11.9,23,22.9,32.1,75, ,50, ,0,I,999.9,000000
69015093121,2019-3-30,34.294,-116.14722,610.5,"TWENTYNINE PALMS MC, CA US",60.6,24,22.7,24,1012.6,17,940.5,22,10,24,7.4,24,13,14,75, ,48, ,0,I,999.9,000000
69015093121,2019-3-31,34.294,-116.14722,610.5,"TWENTYNINE PALMS MC, CA US",62.1,24,18.9,24,1016.1,11,940,20,10,24,6.4,24,12,999.9,75.9, ,45, ,0,I,999.9,000000
69015093121,2019-4-1,34.294,-116.14722,610.5,"TWENTYNINE PALMS MC, CA US",61.8,24,20.9,24,1016.4,17,937.9,24,9.9,24,4.4,23,11.1,999.9,80.1, ,44.1, ,0,I,999.9,000000
69015093121,2019-4-2,34.294,-116.14722,610.5,"TWENTYNINE PALMS MC, CA US",66.5,24,29.9,24,1010.4,22,932.4,24,10,24,7.1,24,27,35.9,80.1, ,44.1, ,0,I,999.9,000000
69015093121,2019-4-3,34.294,-116.14722,610.5,"TWENTYNINE PALMS MC, CA US",62.9,24,35.4,24,1012.2,22,934,24,10,24,9.5,24,20,28,80.1, ,53.1, ,0,I,999.9,000000
69015093121,2019-4-4,34.294,-116.14722,610.5,"TWENTYNINE PALMS MC, CA US",63.8,24,37.4,24,1014.4,20,936.1,24,10,24,5.3,24,12,21,77, ,52, ,0,I,999.9,000000
69015093121,2019-4-5,34.294,-116.14722,610.5,"TWENTYNINE PALMS MC, CA US",62.4,24,36.7,24,1012.2,21,933.8,24,10,24,8.7,24,19,999.9,77, ,52, ,0,I,999.9,000000
69015093121,2019-4-6,34.294,-116.14722,610.5,"TWENTYNINE PALMS MC, CA US",64.1,24,32.9,24,1014.4,23,935.9,24,10,24,13.4,24,25.1,31.1,80.1, ,52, ,0,I,999.9,000000
69015093121,2019-4-7,34.294,-116.14722,610.5,"TWENTYNINE PALMS MC, CA US",69.2,24,28.9,24,1019.6,24,941,24,10,24,7.6,24,21,25.1,84.9, ,53.1, ,0,I,999.9,000000
69015093121,2019-4-8,34.294,-116.14722,610.5,"TWENTYNINE PALMS MC, CA US",73.8,24,32.3,24,1018.9,24,940.6,24,10,24,5.3,24,15.9,999.9,91, ,55, ,0,I,999.9,000000
69015093121,2019-4-9,34.294,-116.14722,610.5,"TWENTYNINE PALMS MC, CA US",74.3,24,40.1,24,1013.4,23,935.4,24,8.5,24,15.7,24,35.9,46,91, ,59, ,0,I,999.9,000000
69015093121,2019-4-10,34.294,-116.14722,610.5,"TWENTYNINE PALMS MC, CA US",60.7,24,19.2,24,1014,13,935.9,23,6.8,24,26.2,24,42,51.1,82.9, ,51.1, ,0,H,999.9,010000
69015093121,2019-4-11,34.294,-116.14722,610.5,"TWENTYNINE PALMS MC, CA US",62.4,24,18.1,24,1016,20,937.2,24,8.6,24,11.5,24,22.9,31.1,73, ,51.1, ,0,I,999.9,000000
69015093121,2019-4-12,34.294,-116.14722,610.5,"TWENTYNINE PALMS MC, CA US",61.7,24,26.8,24,1007.7,21,929.6,24,9.1,24,17.5,24,24.1,28,73, ,51.1, ,0,I,999.9,000000
69015093121,2019-4-13,34.294,-116.14722,610.5,"TWENTYNINE PALMS MC, CA US",63.3,24,21.8,24,1013.9,18,934.6,24,8.8,24,5.7,24,11.1,20,78.1, ,51.1, ,0,I,999.9,000000
69015093121,2019-4-14,34.294,-116.14722,610.5,"TWENTYNINE PALMS MC, CA US",66.5,24,26.2,24,1012.9,24,934.6,24,9.8,24,5,24,15,999.9,84, ,50, ,0,I,999.9,000000
69015093121,2019-4-15,34.294,-116.14722,610.5,"TWENTYNINE PALMS MC, CA US",67,24,25.7,24,1008.3,24,930.4,24,8.1,24,6.8,24,18.1,22.9,84, ,50, ,0,I,999.9,000000
69015093121,2019-4-16,34.294,-116.14722,610.5,"TWENTYNINE PALMS MC, CA US",66.2,24,31.3,24,1008.6,24,930.6,24,8.4,24,12.6,24,24.1,28.9,82.9, ,51.1, ,0,A,999.9,000000
69015093121,2019-4-17,34.294,-116.14722,610.5,"TWENTYNINE PALMS MC, CA US",65.2,24,31,24,1016.9,22,938.3,24,8.6,24,14.6,24,27,33,81, ,54, ,0,I,999.9,000000
69015093121,2019-4-18,34.294,-116.14722,610.5,"TWENTYNINE PALMS MC, CA US",70.1,24,19.8,24,1019.4,24,940.8,24,8,23,4.9,24,12,999.9,88, ,52, ,0,I,999.9,000000
69015093121,2019-4-19,34.294,-116.14722,610.5,"TWENTYNINE PALMS MC, CA US",72.5,24,24.9,24,1014.8,24,936.7,24,8.1,24,5.2,24,13,17.1,91.9, ,52, ,0,I,999.9,000000
69015093121,2019-4-20,34.294,-116.14722,610.5,"TWENTYNINE PALMS MC, CA US",76.1,24,26.8,24,1007.9,23,930.5,24,7.5,24,8.4,24,15.9,18.1,91.9, ,52, ,0,I,999.9,000000
69015093121,2019-4-21,34.294,-116.14722,610.5,"TWENTYNINE PALMS MC, CA US",68.8,24,34.7,24,1009.9,24,932.2,24,7,24,15.4,24,28,35.9,89.1, ,55.9, ,0,I,999.9,000000
69015093121,2019-4-22,34.294,-116.14722,610.5,"TWENTYNINE PALMS MC, CA US",68.5,24,32.6,24,1013.1,23,934.9,24,7,24,12.5,24,22.9,32.1,81, ,55.9, ,0,I,999.9,000000
69015093121,2019-4-23,34.294,-116.14722,610.5,"TWENTYNINE PALMS MC, CA US",71.8,24,34,24,1013.7,24,935.7,24,7,24,10.5,24,21,27,88, ,57, ,0,A,999.9,000000
69015093121,2019-4-24,34.294,-116.14722,610.5,"TWENTYNINE PALMS MC, CA US",77.8,24,27.2,24,1012.8,24,935.2,24,7.1,24,5.5,24,8.9,999.9,95, ,61, ,0,I,999.9,000000
69015093121,2019-4-25,34.294,-116.14722,610.5,"TWENTYNINE PALMS MC, CA US",81.7,24,31.6,24,1011.6,24,934.3,24,7,24,6.8,24,15,19,96.1, ,63, ,0,I,999.9,000000
69015093121,2019-4-26,34.294,-116.14722,610.5,"TWENTYNINE PALMS MC, CA US",80.7,24,33.2,24,1011.4,24,934,24,7.5,24,7.4,24,19,22,96.1, ,63, ,0,I,999.9,000000
69015093121,2019-4-27,34.294,-116.14722,610.5,"TWENTYNINE PALMS MC, CA US",81.7,24,34.5,24,1009.4,24,932.3,24,7.3,24,8.4,24,22.9,999.9,96.1, ,63, ,0,I,999.9,000000
69015093121,2019-4-28,34.294,-116.14722,610.5,"TWENTYNINE PALMS MC, CA US",80.1,24,33.1,24,1007,24,930,24,7.1,24,10.1,24,21,28,93.9, ,66.9, ,0,I,999.9,000000
69015093121,2019-4-29,34.294,-116.14722,610.5,"TWENTYNINE PALMS MC, CA US",72.7,24,35.7,24,1004.5,22,927.5,13,7,24,9.7,24,21,24.1,91.9, ,64, ,0,H,999.9,010010
69015093121,2019-4-30,34.294,-116.14722,610.5,"TWENTYNINE PALMS MC, CA US",64.5,24,41.8,24,1008.7,22,931.1,19,9.4,24,5.2,24,19,27,80.1, ,51.1, ,0,H,999.9,010010
69015093121,2019-5-1,34.294,-116.14722,610.5,"TWENTYNINE PALMS MC, CA US",67.2,24,35.1,24,1011.9,24,935.1,16,10,24,10,23,27,33,80.1, ,51.1, ,0,I,999.9,000000
69015093121,2019-5-2,34.294,-116.14722,610.5,"TWENTYNINE PALMS MC, CA US",70.3,24,33.6,24,1013.2,24,935,24,9.9,24,3.7,24,11.1,999.9,84.9, ,57, ,0,I,999.9,000000
69015093121,2019-5-3,34.294,-116.14722,610.5,"TWENTYNINE PALMS MC, CA US",74.7,24,32.9,24,1011.6,24,933.8,24,9.8,24,5.2,22,11.1,999.9,90, ,57.9, ,0,I,999.9,000000
69015093121,2019-5-4,34.294,-116.14722,610.5,"TWENTYNINE PALMS MC, CA US",77,24,25.5,24,1008.8,23,931.5,24,9.8,24,8.4,24,18.1,22,91, ,59, ,0,I,999.9,000000
69015093121,2019-5-5,34.294,-116.14722,610.5,"TWENTYNINE PALMS MC, CA US",74.8,24,18.9,24,1006.2,24,928.9,24,9.8,24,8.6,24,18.1,26,91, ,59, ,0,I,999.9,000000
69015093121,2019-5-6,34.294,-116.14722,610.5,"TWENTYNINE PALMS MC, CA US",67.3,24,33.7,24,1007,23,929.3,24,8.6,24,8.1,24,19,26,88, ,55, ,0,I,999.9,000000
69015093121,2019-5-7,34.294,-116.14722,610.5,"TWENTYNINE PALMS MC, CA US",68.5,24,38.4,24,1011,23,933,24,7.6,24,9,24,22,28,86, ,55, ,0.01,G,999.9,010010
69015093121,2019-5-8,34.294,-116.14722,610.5,"TWENTYNINE PALMS MC, CA US",74.1,24,38.4,24,1010.3,24,932.6,24,7.7,24,10,24,22,31.1,89.1, ,55.9, ,0,G,999.9,000000
69015093121,2019-5-9,34.294,-116.14722,610.5,"TWENTYNINE PALMS MC, CA US",75.1,24,39.4,24,1005.9,24,928.7,24,7,24,9.2,24,15.9,22,89.1, ,63, ,0,I,999.9,000000
69015093121,2019-5-10,34.294,-116.14722,610.5,"TWENTYNINE PALMS MC, CA US",66.6,24,47.9,24,1006.2,24,928.7,24,7,24,10.1,24,14,18.1,84.9, ,59, ,0.02,A,999.9,010000
69015093121,2019-5-11,34.294,-116.14722,610.5,"TWENTYNINE PALMS MC, CA US",66.7,24,50.2,24,1011.7,19,933.4,24,6.7,23,8.8,22,15,17.1,81, ,57, ,0,H,999.9,010010
69015093121,2019-5-12,34.294,-116.14722,610.5,"TWENTYNINE PALMS MC, CA US",73.2,24,43.6,24,1011.3,24,933.5,24,7.8,24,5.9,24,11.1,15.9,89.1, ,57, ,0,I,999.9,000000
69015093121,2019-5-13,34.294,-116.14722,610.5,"TWENTYNINE PALMS MC, CA US",79,24,39.1,24,1011.5,23,933.9,24,7.9,24,7.3,24,15,20,91.9, ,57.9, ,0,I,999.9,000000
69015093121,2019-5-14,34.294,-116.14722,610.5,"TWENTYNINE PALMS MC, CA US",78.5,24,34.6,24,1012.4,24,934.8,24,8.3,24,7.8,24,15.9,22.9,91.9, ,62.1, ,0,I,999.9,000000
69015093121,2019-5-15,34.294,-116.14722,610.5,"TWENTYNINE PALMS MC, CA US",77.5,24,31.6,24,1009.8,24,932.4,23,8.1,24,9.1,24,20,28.9,91.9, ,62.1, ,0,I,999.9,000000
69015093121,2019-5-16,34.294,-116.14722,610.5,"TWENTYNINE PALMS MC, CA US",70.6,24,29.9,24,1007.1,24,929.7,24,6.5,24,16.1,24,39,49.9,87.1, ,59, ,0,I,999.9,000000
69015093121,2019-5-17,34.294,-116.14722,610.5,"TWENTYNINE PALMS MC, CA US",62.8,24,32.6,24,1011.2,21,933,24,9.8,24,16.9,24,31.1,41,75.9, ,53.1, ,0,I,999.9,000000
69015093121,2019-5-18,34.294,-116.14722,610.5,"TWENTYNINE PALMS MC, CA US",65.8,24,30.1,24,1012.2,24,933.9,24,10,24,10.1,24,17.1,24.1,81, ,52, ,0,I,999.9,000000
69015093121,2019-5-19,34.294,-116.14722,610.5,"TWENTYNINE PALMS MC, CA US",67.1,24,35.6,24,1007.1,23,929.3,24,10,24,13.4,24,32.1,36.9,81, ,52, ,0,I,999.9,000000
69015093121,2019-5-20,34.294,-116.14722,610.5,"TWENTYNINE PALMS MC, CA US",60.9,24,31.7,24,1007.7,21,929.7,24,10,24,15.1,24,26,35.9,75, ,51.1, ,0,I,999.9,000000
69015093121,2019-5-21,34.294,-116.14722,610.5,"TWENTYNINE PALMS MC, CA US",63.4,24,33.2,24,1007.8,20,929.9,24,10,24,12.5,24,22,33,75, ,51.1, ,0,I,999.9,000000
69015093121,2019-5-22,34.294,-116.14722,610.5,"TWENTYNINE PALMS MC, CA US",57.3,24,35.9,24,1002.1,18,926.5,24,9.3,24,13.3,24,26,35.9,73.9, ,51.1, ,0.31,A,999.9,010010
69015093121,2019-5-23,34.294,-116.14722,610.5,"TWENTYNINE PALMS MC, CA US",57.2,24,42.1,24,1009.5,24,931,24,10,24,9.8,24,20,27,68, ,51.1, ,0.01,B,999.9,010000
69015093121,2019-5-24,34.294,-116.14722,610.5,"TWENTYNINE PALMS MC, CA US",61.7,24,42,24,1014.1,24,935.3,24,10,24,4.6,24,13,999.9,78.1, ,50, ,0,I,999.9,000000
69015093121,2019-5-25,34.294,-116.14722,610.5,"TWENTYNINE PALMS MC, CA US",71.1,24,37.4,24,1009.4,24,931.6,24,10,24,6.1,24,15,21,82.9, ,50, ,0,I,999.9,000000
69015093121,2019-5-26,34.294,-116.14722,610.5,"TWENTYNINE PALMS MC, CA US",66.5,24,36.3,24,1006.8,24,929.1,24,10,24,12.4,24,27,35.9,82.9, ,55.9, ,0,I,999.9,000000
69015093121,2019-5-27,34.294,-116.14722,610.5,"TWENTYNINE PALMS MC, CA US",60.8,24,32.5,24,1009.4,19,932.3,24,10,24,12.7,24,22,34,75.9, ,50, ,0,I,999.9,000000
69015093121,2019-5-28,34.294,-116.14722,610.5,"TWENTYNINE PALMS MC, CA US",66.8,24,35.1,24,1011.2,21,933,24,10,24,9.9,23,22.9,32.1,84, ,50, ,0,I,999.9,000000
69015093121,2019-5-29,34.294,-116.14722,610.5,"TWENTYNINE PALMS MC, CA US",74.8,24,38,24,1009,24,931.5,24,10,24,7.4,23,22.9,28.9,89.1, ,54, ,0,I,999.9,000000
69015093121,2019-5-30,34.294,-116.14722,610.5,"TWENTYNINE PALMS MC, CA US",77.8,24,34.5,24,1009.4,24,932.1,23,10,24,6.5,23,11.1,18.1,91, ,60.1, ,0,I,999.9,000000
69015093121,2019-5-31,34.294,-116.14722,610.5,"TWENTYNINE PALMS MC, CA US",78.2,24,36.5,24,1009.2,24,932.1,21,10,24,8.2,24,18.1,25.1,91.9,*,63,*,0,I,999.9,000000
69015093121,2019-6-1,34.294,-116.14722,610.5,"TWENTYNINE PALMS MC, CA US",77.3,24,36.3,24,1007.4,24,930.3,16,10,24,7,24,15,22,91.9, ,63, ,0,I,999.9,000000
69015093121,2019-6-2,34.294,-116.14722,610.5,"TWENTYNINE PALMS MC, CA US",78.6,24,37.6,24,1007.4,24,930.2,24,10,24,6.3,23,14,15,91, ,63, ,0,I,999.9,000000
69015093121,2019-6-3,34.294,-116.14722,610.5,"TWENTYNINE PALMS MC, CA US",80.6,24,38.6,24,1008.4,24,931.2,24,9.9,24,6,24,15,999.9,93.9, ,63, ,0,I,999.9,000000
69015093121,2019-6-4,34.294,-116.14722,610.5,"TWENTYNINE PALMS MC, CA US",84.8,24,37.9,24,1009.1,24,932.1,24,10,24,5.5,24,12,999.9,99, ,66.9, ,0,I,999.9,000000
69015093121,2019-6-5,34.294,-116.14722,610.5,"TWENTYNINE PALMS MC, CA US",88.6,24,38.3,24,1009.3,23,932.4,24,9.9,24,6,24,15,25.1,102, ,72, ,0,I,999.9,000000
69015093121,2019-6-6,34.294,-116.14722,610.5,"TWENTYNINE PALMS MC, CA US",87.3,24,40,24,1009.2,23,932.4,24,10,24,9,24,19,27,102, ,70, ,0,I,999.9,000000
69015093121,2019-6-7,34.294,-116.14722,610.5,"TWENTYNINE PALMS MC, CA US",84,24,37.1,24,1008.4,24,931.5,24,10,24,10.1,23,20,27,100.9, ,68, ,0,I,999.9,000000
69015093121,2019-6-8,34.294,-116.14722,610.5,"TWENTYNINE PALMS MC, CA US",79.9,24,30,24,1009.9,24,932.6,24,10,24,9.7,23,22,999.9,96.1, ,66, ,0,I,999.9,000000
69015093121,2019-6-9,34.294,-116.14722,610.5,"TWENTYNINE PALMS MC, CA US",85.6,24,23.5,24,1014.8,24,937.3,24,10,24,6,24,12,20,97, ,66, ,0,I,999.9,000000
69015093121,2019-6-10,34.294,-116.14722,610.5,"TWENTYNINE PALMS MC, CA US",85.7,24,19.1,24,1015.9,24,938.4,24,9.9,24,3.6,23,8,999.9,100.9, ,69.1, ,0,I,999.9,000000
69015093121,2019-6-11,34.294,-116.14722,610.5,"TWENTYNINE PALMS MC, CA US",89.4,24,28,24,1015.6,24,938.3,24,9.5,24,4.8,24,11.1,17.1,106, ,69.1, ,0,I,999.9,000000
69015093121,2019-6-12,34.294,-116.14722,610.5,"TWENTYNINE PALMS MC, CA US",94.5,24,37.9,24,1012,24,935.2,24,10,24,6.5,24,17.1,21,108, ,70, ,0,I,999.9,000000
69015093121,2019-6-13,34.294,-116.14722,610.5,"TWENTYNINE PALMS MC, CA US",90.6,24,29.1,22,1008,24,931.5,24,10,24,9.3,23,18.1,22,108, ,73.9, ,0,I,999.9,000000
69015093121,2019-6-14,34.294,-116.14722,610.5,"TWENTYNINE PALMS MC, CA US",89.7,24,38.5,24,1006.4,24,929.9,24,9.9,24,12,24,25.1,33,105.1, ,73.9, ,0,I,999.9,000000
69015093121,2019-6-15,34.294,-116.14722,610.5,"TWENTYNINE PALMS MC, CA US",89.8,24,35,24,1007.7,24,931.1,24,10,24,7.5,24,21,999.9,104, ,75.9, ,0,I,999.9,000000
69015093121,2019-6-16,34.294,-116.14722,610.5,"TWENTYNINE PALMS MC, CA US",88.1,24,35.6,24,1006.9,24,930.3,24,9.9,24,10.2,24,21,27,104, ,73, ,0,I,999.9,000000
69015093121,2019-6-17,34.294,-116.14722,610.5,"TWENTYNINE PALMS MC, CA US",84.3,24,35.3,24,1006.9,24,930.1,24,10,24,6.7,24,15,22.9,100.9, ,70, ,0,I,999.9,000000
69015093121,2019-6-18,34.294,-116.14722,610.5,"TWENTYNINE PALMS MC, CA US",87.4,24,36.7,24,1008.9,24,932.1,24,9.9,24,6.3,24,11.1,999.9,100.9, ,70, ,0,I,999.9,000000
69015093121,2019-6-19,34.294,-116.14722,610.5,"TWENTYNINE PALMS MC, CA US",88.5,24,38.4,24,1010.2,24,933.3,24,10,24,5.4,24,14,15.9,102.9, ,72, ,0,I,999.9,000000
69015093121,2019-6-20,34.294,-116.14722,610.5,"TWENTYNINE PALMS MC, CA US",89.2,24,43.1,24,1007.4,24,930.8,24,10,24,9.6,23,20,24.1,102.9, ,72, ,0,I,999.9,000000
69015093121,2019-6-21,34.294,-116.14722,610.5,"TWENTYNINE PALMS MC, CA US",83.3,24,39.4,24,1004.7,24,928,24,9.8,24,12.7,24,27,35,102, ,72, ,0,I,999.9,000000
69015093121,2019-6-22,34.294,-116.14722,610.5,"TWENTYNINE PALMS MC, CA US",80.8,24,30.3,23,1009,24,931.8,24,9.9,24,12.8,24,24.1,28.9,97, ,69.1, ,0,I,999.9,000000
69015093121,2019-6-23,34.294,-116.14722,610.5,"TWENTYNINE PALMS MC, CA US",81.3,24,19.9,24,1012.8,24,935.3,24,9.9,24,5.2,24,13,15.9,97, ,62.1, ,0,I,999.9,000000
69015093121,2019-6-24,34.294,-116.14722,610.5,"TWENTYNINE PALMS MC, CA US",87.4,24,24.7,24,1009.6,24,932.7,24,10,24,5.1,24,12,20,100.9, ,62.1, ,0,I,999.9,000000
69015093121,2019-6-25,34.294,-116.14722,610.5,"TWENTYNINE PALMS MC, CA US",85.1,24,28.1,24,1007.2,24,930.5,24,10,24,8.6,24,17.1,22.9,100.9, ,68, ,0,I,999.9,000000
69015093121,2019-6-26,34.294,-116.14722,610.5,"TWENTYNINE PALMS MC, CA US",83,24,33.3,24,1009.2,24,932.2,24,9.9,24,9.3,24,17.1,24.1,98.1, ,68, ,0,I,999.9,000000
69015093121,2019-6-27,34.294,-116.14722,610.5,"TWENTYNINE PALMS MC, CA US",83.4,24,36.7,24,1011.9,24,934.6,24,10,24,8,23,13,21,98.1, ,69.1, ,0,I,999.9,000000
69015093121,2019-6-28,34.294,-116.14722,610.5,"TWENTYNINE PALMS MC, CA US",84.2,24,31,24,1011.9,24,934.7,21,10,24,7.6,24,15,21,100, ,69.1, ,0,I,999.9,000000
69015093121,2019-6-29,34.294,-116.14722,610.5,"TWENTYNINE PALMS MC, CA US",85.1,24,23.4,24,1012.3,24,935.1,23,10,24,9.6,23,22.9,29.9,100, ,69.1, ,0,I,999.9,000000
69015093121,2019-6-30,34.294,-116.14722,610.5,"TWENTYNINE PALMS MC, CA US",88.8,24,12.7,24,1012.2,24,935.3,23,10,24,6.5,23,15.9,999.9,102.9, ,70, ,0,I,999.9,000000
69015093121,2019-7-1,34.294,-116.14722,610.5,"TWENTYNINE PALMS MC, CA US",89.9,24,28,24,1011,24,934.2,24,10,24,10,24,17.1,21,102.9, ,73.9, ,0,I,999.9,000000
69015093121,2019-7-2,34.294,-116.14722,610.5,"TWENTYNINE PALMS MC, CA US",88.5,24,25.9,24,1009,24,932.2,24,10,24,8.6,24,18.1,999.9,102.9, ,73.9, ,0,I,999.9,000000
69015093121,2019-7-3,34.294,-116.14722,610.5,"TWENTYNINE PALMS MC, CA US",85.9,24,30.9,24,1007.3,24,930.5,24,10,24,6.5,24,17.1,999.9,102, ,66.9, ,0,I,999.9,000000
69015093121,2019-7-4,34.294,-116.14722,610.5,"TWENTYNINE PALMS MC, CA US",85.8,24,33.6,24,1007.9,24,931.1,24,10,24,9.4,24,22.9,999.9,100, ,66.9, ,0,I,999.9,000000
69015093121,2019-7-5,34.294,-116.14722,610.5,"TWENTYNINE PALMS MC, CA US",86.5,24,27.7,24,1011.1,24,934.1,24,10,24,7.8,22,15,22.9,100.9, ,72, ,0,I,999.9,000000
69015093121,2019-7-6,34.294,-116.14722,610.5,"TWENTYNINE PALMS MC, CA US",87.3,24,31.1,24,1012.5,24,935.4,24,10,24,7.9,24,20,28.9,102, ,71.1, ,0,I,999.9,000000
69015093121,2019-7-7,34.294,-116.14722,610.5,"TWENTYNINE PALMS MC, CA US",87.5,24,35.2,23,1010.1,24,933.2,24,10,24,8.2,24,15.9,22.9,102, ,71.1, ,0,I,999.9,000000
69015093121,2019-7-8,34.294,-116.14722,610.5,"TWENTYNINE PALMS MC, CA US",83.6,24,34.5,24,1009.8,24,932.8,24,10,24,8.8,24,20,22,99, ,66.9, ,0,I,999.9,000000
69015093121,2019-7-9,34.294,-116.14722,610.5,"TWENTYNINE PALMS MC, CA US",84.7,24,35.1,24,1012.1,24,934.9,24,10,24,7.6,24,18.1,22.9,100, ,66.9, ,0,I,999.9,000000
69015093121,2019-7-10,34.294,-116.14722,610.5,"TWENTYNINE PALMS MC, CA US",87.6,24,37.6,24,1013.7,24,936.5,24,10,24,7.3,24,17.1,999.9,104, ,70, ,0,I,999.9,000000
69015093121,2019-7-11,34.294,-116.14722,610.5,"TWENTYNINE PALMS MC, CA US",91.7,24,35.8,24,1013,22,935.9,24,10,24,8.3,24,18.1,22.9,107.1, ,71.1, ,0,I,999.9,000000
69015093121,2019-7-12,34.294,-116.14722,610.5,"TWENTYNINE PALMS MC, CA US",94.9,24,38.4,24,1009.7,24,933.1,24,10,24,8,24,13,17.1,109, ,75, ,0,I,999.9,000000
69015093121,2019-7-13,34.294,-116.14722,610.5,"TWENTYNINE PALMS MC, CA US",95.1,24,35.8,24,1008.3,24,931.9,23,10,24,7.3,24,15.9,20,109, ,79, ,0,I,999.9,000000
69015093121,2019-7-14,34.294,-116.14722,610.5,"TWENTYNINE PALMS MC, CA US",93.3,21,44.7,21,1011.1,21,934.6,20,10,20,5.9,20,15,999.9,109, ,79, ,0,I,999.9,000000
69015093121,2019-7-15,34.294,-116.14722,610.5,"TWENTYNINE PALMS MC, CA US",97.4,12,29.1,12,9999.9,0,935,9,10,12,8.4,12,13,25.1,109, ,82, ,0,I,999.9,000000
69015093121,2019-7-16,34.294,-116.14722,610.5,"TWENTYNINE PALMS MC, CA US",92.1,24,29.6,24,1008.1,24,931.6,24,10,24,10.4,24,19,24.1,109, ,78.1, ,0,I,999.9,000000
69015093121,2019-7-17,34.294,-116.14722,610.5,"TWENTYNINE PALMS MC, CA US",88.3,24,32.2,24,1009,24,932.5,22,10,24,10,24,21,25.1,107.1, ,70, ,0,I,999.9,000000
69015093121,2019-7-18,34.294,-116.14722,610.5,"TWENTYNINE PALMS MC, CA US",86.6,24,27,24,1010.8,24,933.8,24,10,24,7.6,24,22,24.1,102.9, ,64.9, ,0,I,999.9,000000
69015093121,2019-7-19,34.294,-116.14722,610.5,"TWENTYNINE PALMS MC, CA US",87.2,24,30.3,24,1008.6,24,931.8,24,10,24,10.4,24,22.9,28.9,102.9, ,64.9, ,0,I,999.9,000000
69015093121,2019-7-20,34.294,-116.14722,610.5,"TWENTYNINE PALMS MC, CA US",87.9,24,33.1,24,1008.6,17,931.8,17,9.9,24,7.1,24,14,999.9,102.9, ,69.1, ,0,I,999.9,000000
69015093121,2019-7-21,34.294,-116.14722,610.5,"TWENTYNINE PALMS MC, CA US",89.5,24,36.8,24,9999.9,0,999.9,0,9.9,24,6.3,23,15.9,21,106, ,71.1, ,0,I,999.9,000000
69015093121,2019-7-22,34.294,-116.14722,610.5,"TWENTYNINE PALMS MC, CA US",91.5,24,45.8,24,1013.6,9,936.5,10,10,24,7.2,24,22.9,28.9,106, ,73, ,0.03,A,999.9,010010
69015093121,2019-7-23,34.294,-116.14722,610.5,"TWENTYNINE PALMS MC, CA US",90.6,24,58.6,24,1013.9,24,936.8,24,10,24,6.2,23,17.1,999.9,104, ,77, ,0,H,999.9,010000
69015093121,2019-7-24,34.294,-116.14722,610.5,"TWENTYNINE PALMS MC, CA US",89.9,24,57,24,1013.7,23,936.6,24,10,24,6.4,24,36.9,48,104, ,80.1, ,0.13,A,999.9,010010
69015093121,2019-7-25,34.294,-116.14722,610.5,"TWENTYNINE PALMS MC, CA US",83.8,24,65.9,24,1013.5,18,936.4,22,9.3,24,5.9,24,17.1,999.9,104, ,73.9, ,0.3,G,999.9,010010
69015093121,2019-7-26,34.294,-116.14722,610.5,"TWENTYNINE PALMS MC, CA US",88.1,24,60.7,24,1013.6,24,936.4,24,10,24,4.4,24,8.9,999.9,104, ,73.9, ,0.42,G,999.9,000000
69015093121,2019-7-27,34.294,-116.14722,610.5,"TWENTYNINE PALMS MC, CA US",95.8,24,48.2,24,1013.2,24,936.4,24,10,24,9.1,23,18.1,22.9,108, ,75, ,0,G,999.9,000000
69015093121,2019-7-28,34.294,-116.14722,610.5,"TWENTYNINE PALMS MC, CA US",97.7,24,35.8,24,1011.6,24,935,24,9.9,24,4.9,24,13,19,111, ,82.9, ,0,I,999.9,000000
69015093121,2019-7-29,34.294,-116.14722,610.5,"TWENTYNINE PALMS MC, CA US",95.7,24,34.5,24,1009.4,24,933,23,10,24,7.6,23,18.1,22,111, ,79, ,0,I,999.9,000000
69015093121,2019-7-30,34.294,-116.14722,610.5,"TWENTYNINE PALMS MC, CA US",93.4,24,43.4,24,1009.4,24,933,22,9.9,24,9.8,24,20,25.1,109.9, ,75.9, ,0,I,999.9,000000
69015093121,2019-7-31,34.294,-116.14722,610.5,"TWENTYNINE PALMS MC, CA US",91.1,24,50.7,24,1011.2,24,934.5,23,10,24,7.3,24,14,19,107.1, ,75.9, ,0,I,999.9,000000
69015093121,2019-8-1,34.294,-116.14722,610.5,"TWENTYNINE PALMS MC, CA US",90.7,24,43.3,24,1012.7,24,935.7,22,9.9,24,5.6,24,15.9,21,105.1, ,75.9, ,0,I,999.9,000000
69015093121,2019-8-2,34.294,-116.14722,610.5,"TWENTYNINE PALMS MC, CA US",92.4,24,34.2,24,1012.1,24,935.3,24,10,24,8.1,24,17.1,999.9,106, ,75.9, ,0,I,999.9,000000
69015093121,2019-8-3,34.294,-116.14722,610.5,"TWENTYNINE PALMS MC, CA US",93.8,24,36.5,24,1010.8,24,934,24,10,24,8.6,24,18.1,20,109, ,78.1, ,0,I,999.9,000000
69015093121,2019-8-4,34.294,-116.14722,610.5,"TWENTYNINE PALMS MC, CA US",94.5,24,33,24,1010.6,24,934,24,10,24,8.2,24,17.1,21,109, ,80.1, ,0,I,999.9,000000
69015093121,2019-8-5,34.294,-116.14722,610.5,"TWENTYNINE PALMS MC, CA US",94.6,23,34.7,23,1010.7,23,934.1,23,9.9,23,7.1,23,13,19,109.9,*,81,*,0,I,999.9,000000
69015093121,2019-8-6,34.294,-116.14722,610.5,"TWENTYNINE PALMS MC, CA US",94.4,24,35.1,24,1010.5,23,934,24,10,24,7.5,24,15,999.9,111, ,80.1, ,0,H,999.9,010000
69015093121,2019-8-7,34.294,-116.14722,610.5,"TWENTYNINE PALMS MC, CA US",92.9,24,49.3,24,1010.5,23,933.8,24,9.9,24,5.8,24,14,20,102.9, ,81, ,0,I,999.9,000000
69015093121,2019-8-8,34.294,-116.14722,610.5,"TWENTYNINE PALMS MC, CA US",89.7,24,46.3,24,1010.4,24,933.6,24,9.9,24,4.7,22,14,21,105.1, ,75, ,0,I,999.9,000000
69015093121,2019-8-9,34.294,-116.14722,610.5,"TWENTYNINE PALMS MC, CA US",87.7,24,31.2,24,1009.9,24,933,23,10,24,6.7,24,17.1,999.9,105.1, ,71.1, ,0,I,999.9,000000
69015093121,2019-8-10,34.294,-116.14722,610.5,"TWENTYNINE PALMS MC, CA US",85.5,24,25.8,24,1009.9,24,933,24,10,24,8.2,24,15.9,20,102, ,69.1, ,0,I,999.9,000000
69015093121,2019-8-11,34.294,-116.14722,610.5,"TWENTYNINE PALMS MC, CA US",84.2,24,37.6,24,1011.5,24,934.5,22,10,24,8.5,24,17.1,999.9,99, ,69.1, ,0,I,999.9,000000
69015093121,2019-8-12,34.294,-116.14722,610.5,"TWENTYNINE PALMS MC, CA US",87.1,24,39.5,24,1012.1,24,934.3,4,9.9,24,6.3,24,12,999.9,102, ,72, ,0,I,999.9,000000
69015093121,2019-8-13,34.294,-116.14722,610.5,"TWENTYNINE PALMS MC, CA US",89.3,24,40.5,24,1012.4,24,935.7,20,9.8,24,5.6,23,14,999.9,105.1, ,72, ,0,I,999.9,000000
69015093121,2019-8-14,34.294,-116.14722,610.5,"TWENTYNINE PALMS MC, CA US",91.7,24,34,24,1012.8,24,935.9,24,9.8,24,6.1,23,15.9,999.9,108, ,73.9, ,0,I,999.9,000000
69015093121,2019-8-15,34.294,-116.14722,610.5,"TWENTYNINE PALMS MC, CA US",93.7,24,22.6,24,1011.9,24,935.1,23,9.6,24,7.5,24,15,15.9,109.9, ,75.9, ,0,I,999.9,000000
69015093121,2019-8-16,34.294,-116.14722,610.5,"TWENTYNINE PALMS MC, CA US",92.8,24,18.5,24,1009.5,24,932.9,24,10,24,6.9,24,15.9,17.1,109.9, ,73.9, ,0,I,999.9,000000
69015093121,2019-8-17,34.294,-116.14722,610.5,"TWENTYNINE PALMS MC, CA US",90.1,24,22.6,23,1007.6,24,931,24,9.8,24,6.6,24,17.1,999.9,107.1, ,73, ,0,I,999.9,000000
69015093121,2019-8-18,34.294,-116.14722,610.5,"TWENTYNINE PALMS MC, CA US",86.7,24,21.5,24,1008.1,24,931.4,24,10,24,7.3,24,18.1,999.9,104, ,66, ,0,I,999.9,000000
69015093121,2019-8-19,34.294,-116.14722,610.5,"TWENTYNINE PALMS MC, CA US",86.8,24,25.5,24,1010.4,24,933.4,24,9.8,24,5.4,24,12,999.9,104, ,66, ,0,I,999.9,000000
69015093121,2019-8-20,34.294,-116.14722,610.5,"TWENTYNINE PALMS MC, CA US",88,23,28.2,23,1010.6,23,933.7,23,9.9,23,6.4,23,15,999.9,106, ,66.9, ,0,I,999.9,000000
69015093121,2019-8-21,34.294,-116.14722,610.5,"TWENTYNINE PALMS MC, CA US",91.8,24,25.6,24,1009,24,932.4,24,9.9,24,5.8,22,11.1,999.9,108, ,71.1, ,0,I,999.9,000000
69015093121,2019-8-22,34.294,-116.14722,610.5,"TWENTYNINE PALMS MC, CA US",90.8,24,23.4,24,1005.6,24,929.2,24,9.9,24,9.2,24,21,26,108, ,71.1, ,0,I,999.9,000000
69015093121,2019-8-23,34.294,-116.14722,610.5,"TWENTYNINE PALMS MC, CA US",86.4,24,26.4,21,1007.1,24,930.4,24,9.5,24,7.6,23,22,28,107.1, ,68, ,0,I,999.9,000000
69015093121,2019-8-24,34.294,-116.14722,610.5,"TWENTYNINE PALMS MC, CA US",87.3,24,54.1,24,1011.4,24,934.4,24,9.9,24,6.1,24,13,20,102, ,68, ,0,I,999.9,000000
69015093121,2019-8-25,34.294,-116.14722,610.5,"TWENTYNINE PALMS MC, CA US",90,24,58.4,24,1013.1,24,936.1,24,9.9,24,5.7,24,15.9,999.9,102.9, ,73, ,0,I,999.9,000000
69015093121,2019-8-26,34.294,-116.14722,610.5,"TWENTYNINE PALMS MC, CA US",92.2,24,46.7,24,1010.2,24,933.5,24,9.9,24,7.3,24,20,999.9,106, ,77, ,0,I,999.9,000000
69015093121,2019-8-27,34.294,-116.14722,610.5,"TWENTYNINE PALMS MC, CA US",94.1,24,49.1,24,1008.3,24,931.8,24,9.9,24,6.1,23,13,19,108, ,78.1, ,0,I,999.9,000000
69015093121,2019-8-28,34.294,-116.14722,610.5,"TWENTYNINE PALMS MC, CA US",93.1,24,50.3,24,1009.6,24,933,24,9.8,24,7.1,24,14,18.1,108, ,78.1, ,0,I,999.9,000000
69015093121,2019-8-29,34.294,-116.14722,610.5,"TWENTYNINE PALMS MC, CA US",100.4,24,47.7,24,1011.6,24,935,24,10,24,6.8,24,17.1,25.1,129.9, ,79, ,0,I,999.9,000000
69015093121,2019-8-30,34.294,-116.14722,610.5,"TWENTYNINE PALMS MC, CA US",104.7,24,41.9,24,1011,24,935,23,9.9,24,5.7,24,13,20,129.9, ,80.1, ,0,I,999.9,000000
69015093121,2019-8-31,34.294,-116.14722,610.5,"TWENTYNINE PALMS MC, CA US",107.1,24,31.4,24,1009.9,24,934,22,10,24,5.3,24,12,999.9,129,*,84.9,*,0,I,999.9,000000
69015093121,2019-9-1,34.294,-116.14722,610.5,"TWENTYNINE PALMS MC, CA US",105.5,24,36.5,24,1010.1,24,934.6,16,10,24,6.8,24,13,18.1,129, ,77, ,0,I,999.9,000000
69015093121,2019-9-2,34.294,-116.14722,610.5,"TWENTYNINE PALMS MC, CA US",102,24,60.6,24,1012.4,23,936,24,10,24,6.8,24,26,36.9,127.9, ,78.1, ,0.06,G,999.9,010010
69015093121,2019-9-3,34.294,-116.14722,610.5,"TWENTYNINE PALMS MC, CA US",107.8,24,54.1,24,1011.3,23,935.1,24,10,24,6.3,24,14,18.1,129, ,78.1, ,0,G,999.9,010010
69015093121,2019-9-4,34.294,-116.14722,610.5,"TWENTYNINE PALMS MC, CA US",103.3,22,52.6,22,1009.4,21,933.3,22,10,22,6.1,22,15,25.1,129, ,82.9, ,0,H,999.9,010000
69015093121,2019-9-5,34.294,-116.14722,610.5,"TWENTYNINE PALMS MC, CA US",101.5,23,55.1,23,1011.9,18,935.4,23,10,23,6.9,23,22,31.1,129, ,82.9, ,0.01,G,999.9,010010
69015093121,2019-9-6,34.294,-116.14722,610.5,"TWENTYNINE PALMS MC, CA US",102.8,24,56.2,24,1013.9,24,937.3,24,10,24,6.3,24,13,18.1,129, ,82, ,0,G,999.9,000000
69015093121,2019-9-7,34.294,-116.14722,610.5,"TWENTYNINE PALMS MC, CA US",106.1,24,47.1,24,1011.4,24,935.2,24,10,24,5.8,24,13,15.9,129, ,82, ,0,I,999.9,000000
69015093121,2019-9-8,34.294,-116.14722,610.5,"TWENTYNINE PALMS MC, CA US",99.4,24,33.7,24,1007.5,24,931.4,24,10,24,11.3,23,21,26,129, ,77, ,0,I,999.9,000000
69015093121,2019-9-9,34.294,-116.14722,610.5,"TWENTYNINE PALMS MC, CA US",93.7,23,29,23,1008.2,23,931.8,23,10,23,8,22,17.1,20,118.9, ,72, ,0,I,999.9,000000
69015093121,2019-9-10,34.294,-116.14722,610.5,"TWENTYNINE PALMS MC, CA US",94.9,24,41.9,24,1007.1,23,930.6,24,10,24,8.2,24,20,27,122, ,72, ,0,I,999.9,000000
69015093121,2019-9-11,34.294,-116.14722,610.5,"TWENTYNINE PALMS MC, CA US",91.8,24,37.5,24,1010.9,24,934.2,24,10,24,7.6,24,20,999.9,109,*,75.9,*,0,I,999.9,000000
69015093121,2019-9-12,34.294,-116.14722,610.5,"TWENTYNINE PALMS MC, CA US",89.3,24,24.6,24,1015.1,24,937.9,24,10,24,2.2,23,6,999.9,113,*,66.9,*,0,I,999.9,000000
69015093121,2019-9-13,34.294,-116.14722,610.5,"TWENTYNINE PALMS MC, CA US",96.3,24,23.1,24,1014.1,24,937.3,24,10,24,3.6,24,9.9,999.9,122,*,75.9,*,0,I,999.9,000000
69015093121,2019-9-14,34.294,-116.14722,610.5,"TWENTYNINE PALMS MC, CA US",99.9,23,21.7,23,1012.6,23,936,23,10,23,4.6,23,11.1,999.9,127, ,73, ,0,I,999.9,000000
69015093121,2019-9-15,34.294,-116.14722,610.5,"TWENTYNINE PALMS MC, CA US",100.4,24,33.8,24,1010.6,24,934.2,24,10,24,6.9,24,20,26,127, ,71.1, ,0,I,999.9,000000
69015093121,2019-9-16,34.294,-116.14722,610.5,"TWENTYNINE PALMS MC, CA US",94,24,26.3,24,1009.2,23,932.8,24,10,24,9.9,24,25.1,35,124, ,71.1, ,0,I,999.9,000000
69015093121,2019-9-17,34.294,-116.14722,610.5,"TWENTYNINE PALMS MC, CA US",88.6,22,31.9,21,1010.6,22,933.9,22,10,22,9.6,22,19,26,102,*,75.9,*,0,I,999.9,000000
69015093121,2019-9-18,34.294,-116.14722,610.5,"TWENTYNINE PALMS MC, CA US",76.6,24,32,24,1011,22,933.4,24,10,24,5.8,24,13,999.9,91.9, ,61, ,0,I,999.9,000000
69015093121,2019-9-19,34.294,-116.14722,610.5,"TWENTYNINE PALMS MC, CA US",76.9,24,34.1,24,1008.3,24,931,24,10,24,7.6,24,15,999.9,91.9, ,61, ,0,I,999.9,000000
69015093121,2019-9-20,34.294,-116.14722,610.5,"TWENTYNINE PALMS MC, CA US",73.1,24,33.8,24,1010.1,24,932.5,24,10,24,10.2,24,20,28,90, ,62.1, ,0,I,999.9,000000
69015093121,2019-9-21,34.294,-116.14722,610.5,"TWENTYNINE PALMS MC, CA US",73.7,24,23.9,24,1012.4,24,934.6,24,10,24,4.8,24,11.1,999.9,89.1, ,57, ,0,I,999.9,000000
69015093121,2019-9-22,34.294,-116.14722,610.5,"TWENTYNINE PALMS MC, CA US",74.4,24,18.7,24,1013.3,24,935.4,24,10,24,3.8,24,8.9,999.9,91.9, ,57, ,0,I,999.9,000000
69015093121,2019-9-23,34.294,-116.14722,610.5,"TWENTYNINE PALMS MC, CA US",78.2,24,32.4,24,1011.9,24,934.3,24,10,24,5.2,24,11.1,999.9,93, ,57.9, ,0,I,999.9,000000
69015093121,2019-9-24,34.294,-116.14722,610.5,"TWENTYNINE PALMS MC, CA US",79.3,24,39.8,24,1013,23,935.3,24,9.9,24,8.9,24,19,28,93, ,61, ,99.99, ,999.9,010010
69015093121,2019-9-25,34.294,-116.14722,610.5,"TWENTYNINE PALMS MC, CA US",77.1,24,40.8,24,1010.6,24,933.1,24,9.8,24,4.2,24,8,999.9,93, ,62.1, ,0,I,999.9,000000
69015093121,2019-9-26,34.294,-116.14722,610.5,"TWENTYNINE PALMS MC, CA US",75.1,24,58.2,24,1012.5,24,934.8,24,10,24,6.5,24,18.1,25.1,91, ,62.1, ,0,H,999.9,010000
69015093121,2019-9-27,34.294,-116.14722,610.5,"TWENTYNINE PALMS MC, CA US",75.2,24,52.9,24,1010.3,24,932.7,24,10,24,4.7,24,11.1,17.1,90, ,63, ,0,I,999.9,000000
69015093121,2019-9-28,34.294,-116.14722,610.5,"TWENTYNINE PALMS MC, CA US",74.8,24,48.6,24,1004.6,24,927.5,24,10,24,7.6,24,18.1,21,90, ,63, ,0,I,999.9,000000
69015093121,2019-9-29,34.294,-116.14722,610.5,"TWENTYNINE PALMS MC, CA US",67.1,24,37.1,24,1006.1,24,928.5,23,10,24,9.7,24,20,999.9,88, ,55, ,0,I,999.9,000000
69015093121,2019-9-30,34.294,-116.14722,610.5,"TWENTYNINE PALMS MC, CA US",65.4,24,27.7,24,1009.5,24,930.8,11,10,24,7.7,24,13,21,79, ,54, ,0,I,999.9,000000
69015093121,2019-10-1,34.294,-116.14722,610.5,"TWENTYNINE PALMS MC, CA US",64.3,24,25.7,24,1009.2,23,931.1,24,9.9,24,7.7,24,14,19,79, ,52, ,0,I,999.9,000000
69015093121,2019-10-2,34.294,-116.14722,610.5,"TWENTYNINE PALMS MC, CA US",65.6,24,21.6,24,1014,21,935.4,24,9.8,24,4.9,24,14,999.9,82, ,51.1, ,0,I,999.9,000000
69015093121,2019-10-3,34.294,-116.14722,610.5,"TWENTYNINE PALMS MC, CA US",67.4,24,19.5,24,1013.2,19,935.1,24,9.3,24,5.5,24,12,15.9,89.1, ,48.9, ,0,I,999.9,000000
69015093121,2019-10-4,34.294,-116.14722,610.5,"TWENTYNINE PALMS MC, CA US",71.7,24,18.7,24,1013.1,24,935.1,24,10,24,6.5,24,14,15.9,89.1, ,48.9, ,0,I,999.9,000000
69015093121,2019-10-5,34.294,-116.14722,610.5,"TWENTYNINE PALMS MC, CA US",70.7,24,19.2,24,1016.5,24,938.2,24,9.6,24,4.3,24,8.9,999.9,88, ,55, ,0,I,999.9,000000
69015093121,2019-10-6,34.294,-116.14722,610.5,"TWENTYNINE PALMS MC, CA US",72.5,24,15.2,24,1017,24,938.8,24,9.4,24,4,24,8.9,999.9,90, ,55, ,0,I,999.9,000000
69015093121,2019-10-7,34.294,-116.14722,610.5,"TWENTYNINE PALMS MC, CA US",72.8,24,12,24,1015.9,24,937.8,24,9.3,24,2.7,24,8,999.9,91.9, ,55, ,0,I,999.9,000000
69015093121,2019-10-8,34.294,-116.14722,610.5,"TWENTYNINE PALMS MC, CA US",74.7,24,17.7,24,1010.9,24,933.2,24,9.4,24,4,24,8.9,999.9,93.9, ,55, ,0,I,999.9,000000
69015093121,2019-10-9,34.294,-116.14722,610.5,"TWENTYNINE PALMS MC, CA US",78.2,24,21.4,24,1006.7,23,929.5,24,9.7,24,10.6,24,21,28.9,93.9, ,59, ,0,I,999.9,000000
69015093121,2019-10-10,34.294,-116.14722,610.5,"TWENTYNINE PALMS MC, CA US",68.4,24,11.6,24,1012.3,24,933.1,15,9.2,24,14.1,23,22.9,28.9,91.9, ,59, ,0,I,999.9,000000
69015093121,2019-10-11,34.294,-116.14722,610.5,"TWENTYNINE PALMS MC, CA US",59.7,24,-5.2,24,1019,21,940.5,24,9.9,24,5.6,24,12,999.9,73.9, ,48, ,0,I,999.9,000000
69015093121,2019-10-12,34.294,-116.14722,610.5,"TWENTYNINE PALMS MC, CA US",61,24,-3.5,24,1014.6,19,936,24,9.5,24,3.4,24,8,999.9,81, ,46.9, ,0,I,999.9,000000
69015093121,2019-10-13,34.294,-116.14722,610.5,"TWENTYNINE PALMS MC, CA US",63.9,24,7.6,24,1011.7,23,933.5,24,9.5,24,4.6,24,13,15,84, ,46.9, ,0,I,999.9,000000
69015093121,2019-10-14,34.294,-116.14722,610.5,"TWENTYNINE PALMS MC, CA US",66.3,24,23.7,24,1011.3,23,933.2,24,9.5,24,4.2,24,11.1,999.9,84, ,46.9, ,0,I,999.9,000000
69015093121,2019-10-15,34.294,-116.14722,610.5,"TWENTYNINE PALMS MC, CA US",68,24,21.8,24,1016,22,937.5,24,9.7,24,3.4,22,9.9,999.9,86, ,51.1, ,0,I,999.9,000000
69015093121,2019-10-16,34.294,-116.14722,610.5,"TWENTYNINE PALMS MC, CA US",71.3,22,29.1,22,1015.1,22,936.9,22,9.6,22,5.4,22,14,18.1,89.1, ,51.1, ,0,I,999.9,000000
69015093121,2019-10-17,34.294,-116.14722,610.5,"TWENTYNINE PALMS MC, CA US",73.8,24,30.9,24,1007.4,24,930,24,9.3,24,6.8,24,13,15.9,89.1, ,55, ,0,I,999.9,000000
69015093121,2019-10-18,34.294,-116.14722,610.5,"TWENTYNINE PALMS MC, CA US",67.7,24,26.3,24,1010,23,929.2,9,9.4,24,11.8,24,34,42,86, ,57, ,0,H,999.9,010000
69015093121,2019-10-19,34.294,-116.14722,610.5,"TWENTYNINE PALMS MC, CA US",66.7,24,17.9,24,1012.9,23,999.9,0,9.5,24,6.7,24,11.1,999.9,82, ,53.1, ,0,I,999.9,000000
69015093121,2019-10-20,34.294,-116.14722,610.5,"TWENTYNINE PALMS MC, CA US",69.7,24,27.6,24,1012.8,24,999.9,0,9.9,24,11.1,24,18.1,25.1,82, ,53.1, ,0,I,999.9,000000
69015093121,2019-10-21,34.294,-116.14722,610.5,"TWENTYNINE PALMS MC, CA US",67,24,19.1,24,1018.1,24,939.5,24,9.2,24,5.8,24,11.1,999.9,82.9, ,51.1, ,0,I,999.9,000000
69015093121,2019-10-22,34.294,-116.14722,610.5,"TWENTYNINE PALMS MC, CA US",70.2,24,20.1,24,1020.8,24,999.9,0,9,24,4,24,8.9,999.9,87.1, ,51.1, ,0,I,999.9,000000
69015093121,2019-10-23,34.294,-116.14722,610.5,"TWENTYNINE PALMS MC, CA US",71,24,19.8,24,1015.9,23,999.9,0,9,24,5,24,9.9,999.9,88, ,53.1, ,0,I,999.9,000000
69015093121,2019-10-24,34.294,-116.14722,610.5,"TWENTYNINE PALMS MC, CA US",71.2,24,14.5,24,1017.9,24,999.9,0,9.3,24,9.4,24,15,22.9,88, ,54, ,0,I,999.9,000000
69015093121,2019-10-25,34.294,-116.14722,610.5,"TWENTYNINE PALMS MC, CA US",67.1,24,5.8,24,1021.7,23,999.9,0,9.1,24,5,24,12,999.9,82, ,52, ,0,I,999.9,000000
69015093121,2019-10-26,34.294,-116.14722,610.5,"TWENTYNINE PALMS MC, CA US",66.1,24,15.2,24,1013.1,21,999.9,0,9.4,24,4.9,24,8.9,999.9,84.9, ,52, ,0,I,999.9,000000
69015093121,2019-10-27,34.294,-116.14722,610.5,"TWENTYNINE PALMS MC, CA US",67.6,24,17.5,24,1005.4,24,999.9,0,8.8,24,7.8,22,15.9,19,84.9, ,51.1, ,0,I,999.9,000000
69015093121,2019-10-28,34.294,-116.14722,610.5,"TWENTYNINE PALMS MC, CA US",56.8,24,1.5,24,1016.9,23,999.9,0,9.4,24,10.2,24,21,28.9,75.9, ,46, ,0,I,999.9,000000
69015093121,2019-10-29,34.294,-116.14722,610.5,"TWENTYNINE PALMS MC, CA US",50.3,23,-2.8,23,1013.3,23,999.9,0,9.3,23,2.8,23,8.9,999.9,71.1,*,36,*,0,I,999.9,000000
69015093121,2019-10-30,34.294,-116.14722,610.5,"TWENTYNINE PALMS MC, CA US",52.3,24,-4.5,24,1023.2,23,999.9,0,9.8,24,9.3,24,14,20,72, ,36, ,0,I,999.9,000000
69015093121,2019-10-31,34.294,-116.14722,610.5,"TWENTYNINE PALMS MC, CA US",46.5,24,-12.6,24,1027.1,22,999.9,0,8.9,24,5,24,11.1,999.9,64, ,32, ,0,I,999.9,000000
69015093121,2019-11-1,34.294,-116.14722,610.5,"TWENTYNINE PALMS MC, CA US",49.7,24,-16.2,24,1023.4,23,943.4,16,8.8,24,4,24,8,999.9,71.1, ,32, ,0,I,999.9,000000
69015093121,2019-11-2,34.294,-116.14722,610.5,"TWENTYNINE PALMS MC, CA US",55,24,-17.1,24,1022.2,24,942.5,24,8.6,24,2.7,24,8,999.9,77, ,35.1, ,0,I,999.9,000000
69015093121,2019-11-3,34.294,-116.14722,610.5,"TWENTYNINE PALMS MC, CA US",60.9,24,-5.2,24,1017,22,938.2,24,8.4,24,3,24,7,999.9,81, ,37.9, ,0,I,999.9,000000
69015093121,2019-11-4,34.294,-116.14722,610.5,"TWENTYNINE PALMS MC, CA US",60.8,24,-1.1,24,1015.5,23,936.8,24,9.5,24,3.2,24,8,999.9,82, ,46, ,0,I,999.9,000000
69015093121,2019-11-5,34.294,-116.14722,610.5,"TWENTYNINE PALMS MC, CA US",62.2,24,7.8,24,1017.3,23,938.5,24,9.3,24,3.4,24,7,999.9,82.9, ,46, ,0,I,999.9,000000
69015093121,2019-11-6,34.294,-116.14722,610.5,"TWENTYNINE PALMS MC, CA US",66,24,14,24,1015.6,22,937.1,24,9.3,24,4.1,24,8.9,999.9,84, ,48, ,0,I,999.9,000000
69015093121,2019-11-7,34.294,-116.14722,610.5,"TWENTYNINE PALMS MC, CA US",64,24,13.7,24,1018.1,20,939.5,24,8.2,24,3.1,24,8,999.9,84, ,48.9, ,0,I,999.9,000000
69015093121,2019-11-8,34.294,-116.14722,610.5,"TWENTYNINE PALMS MC, CA US",64,24,15.6,24,1021.7,22,942.6,24,9,24,3.5,24,8,999.9,82.9, ,48, ,0,I,999.9,000000
69015093121,2019-11-9,34.294,-116.14722,610.5,"TWENTYNINE PALMS MC, CA US",65.5,24,13.6,24,1019.5,23,940.8,24,9.2,24,4.9,24,9.9,999.9,82.9, ,48.9, ,0,I,999.9,000000
69015093121,2019-11-10,34.294,-116.14722,610.5,"TWENTYNINE PALMS MC, CA US",63.7,24,7.7,24,1016.6,21,938.1,24,7.4,24,3.9,24,8.9,999.9,82.9, ,46.9, ,0,I,999.9,000000
69015093121,2019-11-11,34.294,-116.14722,610.5,"TWENTYNINE PALMS MC, CA US",63.8,24,7.1,24,1016.5,21,937.8,24,8.3,24,4.5,24,8.9,999.9,82.9, ,46.9, ,0,I,999.9,000000
69015093121,2019-11-12,34.294,-116.14722,610.5,"TWENTYNINE PALMS MC, CA US",64.3,24,11.6,24,1018.9,21,940.2,24,8.3,24,3.6,24,9.9,999.9,82, ,46.9, ,0,I,999.9,000000
69015093121,2019-11-13,34.294,-116.14722,610.5,"TWENTYNINE PALMS MC, CA US",62.3,24,16,24,1016.6,22,938,24,8.7,24,3.2,24,8,999.9,82,*,46.4,*,0,I,999.9,000000
69015093121,2019-11-14,34.294,-116.14722,610.5,"TWENTYNINE PALMS MC, CA US",62.9,24,18.5,24,1017,22,938.2,24,9,24,4.7,24,11.1,999.9,82.9, ,46.9, ,0,I,999.9,000000
69015093121,2019-11-15,34.294,-116.14722,610.5,"TWENTYNINE PALMS MC, CA US",63.7,24,23.9,24,1018,20,939.3,24,9.3,24,3.5,24,8.9,999.9,80.1, ,48.9, ,0,I,999.9,000000
69015093121,2019-11-16,34.294,-116.14722,610.5,"TWENTYNINE PALMS MC, CA US",63.3,24,23.9,24,1017.4,23,938.6,24,9.1,24,5.5,24,9.9,999.9,79, ,48.9, ,0,I,999.9,000000
69015093121,2019-11-17,34.294,-116.14722,610.5,"TWENTYNINE PALMS MC, CA US",66.6,24,19.5,24,1018.6,22,939.8,24,9.6,24,5.6,24,9.9,999.9,80.1, ,50, ,0,I,999.9,000000
69015093121,2019-11-18,34.294,-116.14722,610.5,"TWENTYNINE PALMS MC, CA US",62.6,24,15.7,24,1016.6,22,938,24,9.3,24,4.6,24,11.1,999.9,82, ,46.9, ,0,I,999.9,000000
69015093121,2019-11-19,34.294,-116.14722,610.5,"TWENTYNINE PALMS MC, CA US",62.8,24,20.2,24,1009.1,22,932.9,8,9.5,24,5.6,24,15,22,82, ,46.9, ,0,A,999.9,000000
69015093121,2019-11-20,34.294,-116.14722,610.5,"TWENTYNINE PALMS MC, CA US",57.9,24,44,24,999.8,23,922.2,23,9.9,24,12.5,24,24.1,32.1,80.1, ,51.1, ,0.13,G,999.9,010010
69015093121,2019-11-21,34.294,-116.14722,610.5,"TWENTYNINE PALMS MC, CA US",50.9,24,38.3,24,1009.4,23,999.9,0,10,24,4.3,24,13,999.9,61, ,45, ,0,G,999.9,010000
69015093121,2019-11-22,34.294,-116.14722,610.5,"TWENTYNINE PALMS MC, CA US",49.5,24,38.7,24,1020.3,24,999.9,0,10,24,1.7,24,5.1,999.9,61, ,37.9, ,0,I,999.9,000000
69015093121,2019-11-23,34.294,-116.14722,610.5,"TWENTYNINE PALMS MC, CA US",51.5,24,34.6,24,1023.4,24,943.7,12,9.9,24,5.4,23,9.9,999.9,64, ,37.9, ,0,I,999.9,000000
69015093121,2019-11-24,34.294,-116.14722,610.5,"TWENTYNINE PALMS MC, CA US",53.3,24,27.9,24,1021.8,24,942.7,7,9.8,24,5.5,24,9.9,999.9,68, ,39, ,0,I,999.9,000000
69015093121,2019-11-25,34.294,-116.14722,610.5,"TWENTYNINE PALMS MC, CA US",51.6,24,19.8,24,1012.8,22,999.9,0,8.3,24,9.4,24,36.9,49.9,78.1, ,34, ,0,H,999.9,010000
69015093121,2019-11-26,34.294,-116.14722,610.5,"TWENTYNINE PALMS MC, CA US",49.4,24,15.6,24,1013.7,23,999.9,0,9.1,24,12.3,24,42,55,63,*,39,*,0.02,G,999.9,010000
69015093121,2019-11-27,34.294,-116.14722,610.5,"TWENTYNINE PALMS MC, CA US",51.2,24,18.3,24,1005.9,24,999.9,0,10,24,12.1,24,19,25.1,60.1, ,37.9, ,0,G,999.9,000000
69015093121,2019-11-28,34.294,-116.14722,610.5,"TWENTYNINE PALMS MC, CA US",42.6,21,29.3,21,1003.4,20,999.9,0,9.9,21,7.4,21,22,26,60.1, ,30, ,99.99, ,999.9,010000
69015093121,2019-12-3,34.294,-116.14722,610.5,"TWENTYNINE PALMS MC, CA US",47.9,16,34.6,16,1022.3,7,942.4,16,10,16,5.3,16,8,999.9,59, ,44.1, ,0,I,999.9,000000
69015093121,2019-12-4,34.294,-116.14722,610.5,"TWENTYNINE PALMS MC, CA US",49.4,8,46.6,8,9999.9,0,935.5,8,8,8,3.4,8,8.9,999.9,52, ,48, ,0.39,B,999.9,010000
69015093121,2019-12-5,34.294,-116.14722,610.5,"TWENTYNINE PALMS MC, CA US",49.7,24,46.4,24,1019.9,18,939,24,9.8,24,3.6,24,7,999.9,55.9, ,46.9, ,0,I,999.9,000000
69015093121,2019-12-6,34.294,-116.14722,610.5,"TWENTYNINE PALMS MC, CA US",49.9,24,44.9,24,1023,24,943,24,10,24,3.6,24,11.1,999.9,60.1, ,42.1, ,0,I,999.9,000000
69015093121,2019-12-7,34.294,-116.14722,610.5,"TWENTYNINE PALMS MC, CA US",52.5,24,47.7,24,1021.3,24,941.6,24,10,24,2.6,24,8,999.9,63, ,42.1, ,0.01,G,999.9,010000
69015093121,2019-12-8,34.294,-116.14722,610.5,"TWENTYNINE PALMS MC, CA US",55.7,24,49.8,24,1016.4,22,937.2,23,9.7,24,3.6,24,8,999.9,64.9, ,45, ,0,G,999.9,100000
69015093121,2019-12-9,34.294,-116.14722,610.5,"TWENTYNINE PALMS MC, CA US",53.9,24,41.6,24,1016.9,23,937.6,24,9.8,24,9.3,24,18.1,25.1,64.9, ,46.9, ,0.25,G,999.9,010010
69015093121,2019-12-10,34.294,-116.14722,610.5,"TWENTYNINE PALMS MC, CA US",50,24,35.4,24,1023.2,24,943.2,24,10,24,4,24,13,999.9,63, ,39.9, ,0,G,999.9,000000
69015093121,2019-12-11,34.294,-116.14722,610.5,"TWENTYNINE PALMS MC, CA US",48.6,24,36,24,1023.7,24,943.5,24,10,22,2.4,24,8,999.9,63, ,37, ,0,I,999.9,000000
69015093121,2019-12-12,34.294,-116.14722,610.5,"TWENTYNINE PALMS MC, CA US",51,24,37.5,24,1024,24,943.9,18,9.9,24,2.5,24,7,999.9,64, ,37, ,0,I,999.9,000000
69015093121,2019-12-13,34.294,-116.14722,610.5,"TWENTYNINE PALMS MC, CA US",52,24,39.8,24,1022,24,943.2,19,10,24,3.1,24,8,999.9,68, ,41, ,0,I,999.9,000000
69015093121,2019-12-14,34.294,-116.14722,610.5,"TWENTYNINE PALMS MC, CA US",60.4,24,42.4,24,1010,22,933.5,16,10,24,10.3,24,20,28,68, ,41, ,0,I,999.9,000000
69015093121,2019-12-15,34.294,-116.14722,610.5,"TWENTYNINE PALMS MC, CA US",54.6,8,38.1,8,1009.7,8,931.2,8,10,8,17.5,8,26,34,68, ,50, ,0,I,999.9,000000
69015093121,2019-12-16,34.294,-116.14722,610.5,"TWENTYNINE PALMS MC, CA US",50.6,8,16.2,8,9999.9,0,947.7,8,10,8,11.1,8,13,999.9,52,*,46.9,*,0,I,999.9,000000
69015093121,2019-12-17,34.294,-116.14722,610.5,"TWENTYNINE PALMS MC, CA US",41.9,24,10.6,24,1031.7,20,950.3,24,9.9,24,6,24,9.9,999.9,53.1, ,33.1, ,0,I,999.9,000000
69015093121,2019-12-18,34.294,-116.14722,610.5,"TWENTYNINE PALMS MC, CA US",40.6,24,11.5,24,1022.9,24,942.3,24,10,24,3.4,24,8.9,999.9,53.1, ,28, ,0,I,999.9,000000
69015093121,2019-12-19,34.294,-116.14722,610.5,"TWENTYNINE PALMS MC, CA US",43.5,24,12.1,24,1020.9,24,940.5,24,10,24,5.9,24,11.1,999.9,57.9, ,28, ,0,I,999.9,000000
69015093121,2019-12-20,34.294,-116.14722,610.5,"TWENTYNINE PALMS MC, CA US",46.5,24,11.9,24,1026.7,24,946.2,24,10,24,4,24,8.9,999.9,63, ,33.1, ,0,I,999.9,000000
69015093121,2019-12-21,34.294,-116.14722,610.5,"TWENTYNINE PALMS MC, CA US",44.4,24,20.4,24,1025.4,24,944.9,24,10,24,1.9,24,7,999.9,63, ,34, ,0,I,999.9,000000
69015093121,2019-12-22,34.294,-116.14722,610.5,"TWENTYNINE PALMS MC, CA US",45.8,24,22.3,24,1017.7,24,937.8,24,10,24,4.9,24,15,22,59, ,34, ,0,I,999.9,000000
69015093121,2019-12-23,34.294,-116.14722,610.5,"TWENTYNINE PALMS MC, CA US",48.7,24,28.3,24,1012.3,23,933,24,9.5,24,7.7,24,14,999.9,59, ,34, ,0.23,A,999.9,010000
69015093121,2019-12-24,34.294,-116.14722,610.5,"TWENTYNINE PALMS MC, CA US",45.2,24,38.9,24,1011,24,931.6,24,10,24,5.9,24,15,999.9,55, ,39, ,0,I,999.9,000000
69015093121,2019-12-25,34.294,-116.14722,610.5,"TWENTYNINE PALMS MC, CA US",46.7,24,33.4,24,1011.7,24,932.3,24,10,24,5.2,24,12,19,55.9, ,37.9, ,0,I,999.9,000000
69015093121,2019-12-26,34.294,-116.14722,610.5,"TWENTYNINE PALMS MC, CA US",42.9,24,36.5,24,1011.7,21,932.1,24,7.6,24,7.2,24,13,999.9,55.9, ,32, ,1.35,C,999.9,011000
69015093121,2019-12-27,34.294,-116.14722,610.5,"TWENTYNINE PALMS MC, CA US",40.8,24,33.5,24,1013.6,23,933.5,24,9.7,24,11.4,24,19,999.9,50, ,32, ,0.17,B,999.9,011000
69015093121,2019-12-28,34.294,-116.14722,610.5,"TWENTYNINE PALMS MC, CA US",39.6,18,29.2,18,1017.9,18,937.8,18,10,18,7.1,18,17.1,999.9,50, ,34, ,0,I,999.9,000000
69015093121,2019-12-30,34.294,-116.14722,610.5,"TWENTYNINE PALMS MC, CA US",48,6,25.3,6,9999.9,0,939.2,5,10,6,7.5,6,8.9,999.9,48.9, ,46, ,0,I,999.9,000000
69015093121,2019-12-31,34.294,-116.14722,610.5,"TWENTYNINE PALMS MC, CA US",49,24,29.7,24,1019.9,19,939.8,22,10,24,9.6,24,17.1,22,57.9, ,43, ,0,H,999.9,010000
